image_names,output
5603.jpg,1
1286.jpg,1
9815.jpg,1
8865.jpg,0
9306.jpg,1
1710.jpg,1
20510.jpg,0
4942.jpg,1
2830.jpg,1
17536.jpg,0
9911.jpg,1
11448.jpg,1
7329.jpg,1
11477.jpg,1
21175.jpg,0
7755.jpg,1
20362.jpg,0
63.jpg,0
25082.jpg,0
17127.jpg,0
15266.jpg,1
8669.jpg,1
6864.jpg,1
5563.jpg,1
5483.jpg,1
4074.jpg,1
137.jpg,1
14874.jpg,0
2735.jpg,1
5945.jpg,0
15352.jpg,0
26503.jpg,0
3591.jpg,0
10561.jpg,1
22902.jpg,1
3215.jpg,1
28842.jpg,1
10928.jpg,1
7284.jpg,1
23005.jpg,0
1219.jpg,0
7269.jpg,1
11389.jpg,1
11034.jpg,1
15173.jpg,0
8553.jpg,1
1390.jpg,1
14456.jpg,0
9659.jpg,1
5011.jpg,1
15023.jpg,0
5108.jpg,1
3402.jpg,1
11204.jpg,1
5409.jpg,1
11233.jpg,1
17452.jpg,0
21105.jpg,0
120.jpg,0
10039.jpg,1
6417.jpg,1
7188.jpg,1
2934.jpg,1
16995.jpg,0
7422.jpg,1
2170.jpg,1
8657.jpg,1
5120.jpg,1
17137.jpg,0
5453.jpg,1
6714.jpg,1
12643.jpg,0
9928.jpg,1
2357.jpg,1
390.jpg,0
2314.jpg,1
1436.jpg,1
14210.jpg,0
9102.jpg,0
8188.jpg,1
19983.jpg,0
8261.jpg,1
10240.jpg,1
6727.jpg,1
28788.jpg,0
2231.jpg,0
24468.jpg,1
3097.jpg,1
5972.jpg,1
1533.jpg,0
20162.jpg,0
25064.jpg,0
20055.jpg,0
5557.jpg,1
5270.jpg,1
10256.jpg,1
3702.jpg,1
1368.jpg,1
6547.jpg,0
5578.jpg,1
8967.jpg,0
1245.jpg,0
9720.jpg,1
6847.jpg,1
10808.jpg,1
2524.jpg,1
22821.jpg,0
10287.jpg,1
9326.jpg,1
28999.jpg,1
6116.jpg,0
12659.jpg,0
1921.jpg,1
1183.jpg,0
3011.jpg,1
2411.jpg,1
10847.jpg,1
847.jpg,0
1576.jpg,1
17022.jpg,0
15161.jpg,0
6140.jpg,1
10450.jpg,1
20439.jpg,1
5434.jpg,0
4803.jpg,1
21090.jpg,0
7784.jpg,1
23154.jpg,0
23421.jpg,0
10783.jpg,1
14611.jpg,0
11444.jpg,1
7965.jpg,1
796.jpg,0
20230.jpg,0
27129.jpg,0
23068.jpg,0
17567.jpg,0
8201.jpg,1
10882.jpg,1
15205.jpg,0
2419.jpg,1
25101.jpg,0
7943.jpg,1
4091.jpg,1
5045.jpg,1
7606.jpg,1
5701.jpg,1
7665.jpg,0
8842.jpg,0
3858.jpg,1
15624.jpg,0
10975.jpg,0
10554.jpg,0
2344.jpg,1
4137.jpg,1
22885.jpg,0
8114.jpg,1
23140.jpg,0
15503.jpg,0
15468.jpg,0
14197.jpg,0
11279.jpg,1
4307.jpg,1
9322.jpg,1
17560.jpg,1
2030.jpg,1
20393.jpg,0
8370.jpg,1
6976.jpg,1
9357.jpg,1
2585.jpg,1
13153.jpg,1
9560.jpg,0
4578.jpg,1
12697.jpg,0
20472.jpg,0
14971.jpg,0
7628.jpg,1
3518.jpg,1
1326.jpg,1
8185.jpg,1
6653.jpg,1
4696.jpg,1
4804.jpg,1
23235.jpg,0
20244.jpg,0
15247.jpg,0
14232.jpg,0
16954.jpg,0
5535.jpg,1
5826.jpg,1
5381.jpg,1
11189.jpg,1
24561.jpg,0
285.jpg,0
1058.jpg,0
11815.jpg,1
12923.jpg,0
11791.jpg,0
1215.jpg,0
9325.jpg,1
11537.jpg,1
11021.jpg,1
1907.jpg,1
16855.jpg,0
14630.jpg,0
22797.jpg,0
4521.jpg,1
11772.jpg,1
9523.jpg,1
1771.jpg,1
23180.jpg,0
4376.jpg,1
13008.jpg,0
6559.jpg,1
3527.jpg,1
11811.jpg,1
8049.jpg,1
12803.jpg,0
9075.jpg,0
8867.jpg,0
9309.jpg,1
7395.jpg,1
28945.jpg,0
9123.jpg,1
2348.jpg,0
5511.jpg,1
4277.jpg,1
995.jpg,0
17368.jpg,1
20037.jpg,0
1009.jpg,0
28927.jpg,1
27203.jpg,0
1056.jpg,0
10024.jpg,1
17373.jpg,0
20326.jpg,0
10183.jpg,1
2164.jpg,1
11183.jpg,1
3920.jpg,1
4957.jpg,1
9996.jpg,1
22934.jpg,1
26380.jpg,0
4882.jpg,1
2724.jpg,1
11790.jpg,0
2491.jpg,1
5078.jpg,1
23404.jpg,0
3948.jpg,1
7653.jpg,1
6602.jpg,1
1762.jpg,1
12813.jpg,0
15583.jpg,0
1503.jpg,1
14619.jpg,0
15441.jpg,0
10429.jpg,1
4750.jpg,1
9207.jpg,1
17041.jpg,0
295.jpg,1
24533.jpg,0
15299.jpg,0
29596.jpg,0
23278.jpg,0
21172.jpg,0
25184.jpg,0
23247.jpg,0
26382.jpg,0
25188.jpg,0
3844.jpg,1
5304.jpg,1
1736.jpg,1
5748.jpg,1
169.jpg,0
7346.jpg,1
6542.jpg,0
10669.jpg,0
4723.jpg,1
23353.jpg,0
2264.jpg,0
8925.jpg,0
8016.jpg,1
16913.jpg,0
9110.jpg,0
4092.jpg,1
7377.jpg,1
10411.jpg,1
3678.jpg,1
2433.jpg,1
6722.jpg,1
11464.jpg,1
2827.jpg,1
17181.jpg,0
8152.jpg,1
27243.jpg,0
7714.jpg,1
8155.jpg,1
24666.jpg,1
23030.jpg,1
1994.jpg,1
10663.jpg,1
4241.jpg,1
15061.jpg,0
6967.jpg,1
23181.jpg,0
13116.jpg,0
2225.jpg,0
4378.jpg,1
814.jpg,0
2957.jpg,1
3552.jpg,1
6606.jpg,0
1184.jpg,0
10872.jpg,1
2221.jpg,1
11221.jpg,1
15059.jpg,0
14468.jpg,0
478.jpg,0
25039.jpg,0
4911.jpg,1
468.jpg,0
2474.jpg,1
4351.jpg,1
5854.jpg,1
22842.jpg,0
28757.jpg,0
20388.jpg,0
21187.jpg,0
12779.jpg,0
11051.jpg,1
8719.jpg,1
9785.jpg,1
7392.jpg,1
6168.jpg,1
23465.jpg,0
10489.jpg,1
10644.jpg,0
27224.jpg,0
69.jpg,1
12985.jpg,1
7981.jpg,1
2464.jpg,1
12786.jpg,0
925.jpg,0
2416.jpg,1
9856.jpg,1
776.jpg,0
1142.jpg,0
2774.jpg,1
17432.jpg,0
8246.jpg,0
14622.jpg,0
3675.jpg,1
9393.jpg,1
2397.jpg,1
6466.jpg,1
17382.jpg,0
3107.jpg,1
5287.jpg,1
8710.jpg,1
7756.jpg,1
9557.jpg,0
3358.jpg,1
11788.jpg,0
15330.jpg,0
19940.jpg,0
22823.jpg,0
14212.jpg,0
3455.jpg,1
4332.jpg,1
3082.jpg,1
17169.jpg,0
23035.jpg,0
23395.jpg,0
7959.jpg,1
28886.jpg,0
8701.jpg,1
3816.jpg,1
15253.jpg,0
5523.jpg,0
4623.jpg,1
5690.jpg,1
922.jpg,0
2142.jpg,1
10104.jpg,0
8703.jpg,1
333.jpg,0
7518.jpg,0
15245.jpg,0
13150.jpg,1
20327.jpg,0
24421.jpg,1
4239.jpg,1
3643.jpg,1
20428.jpg,0
7937.jpg,1
2400.jpg,1
24562.jpg,0
5191.jpg,1
7217.jpg,1
10163.jpg,1
11606.jpg,0
10422.jpg,0
124.jpg,0
6983.jpg,1
23032.jpg,0
6730.jpg,1
23230.jpg,0
8927.jpg,0
11152.jpg,1
6449.jpg,1
6706.jpg,1
26548.jpg,0
3999.jpg,1
244.jpg,0
1404.jpg,1
9430.jpg,1
9405.jpg,1
6570.jpg,1
2540.jpg,1
15123.jpg,0
11428.jpg,1
5689.jpg,1
3692.jpg,1
14735.jpg,0
5299.jpg,1
3676.jpg,1
3737.jpg,1
886.jpg,0
11619.jpg,0
3923.jpg,1
11531.jpg,0
15158.jpg,0
10620.jpg,0
23343.jpg,0
24484.jpg,0
6683.jpg,1
15608.jpg,0
17216.jpg,0
2887.jpg,1
25261.jpg,0
15017.jpg,0
5360.jpg,0
7866.jpg,1
14320.jpg,0
979.jpg,0
27144.jpg,1
23144.jpg,0
1717.jpg,1
7116.jpg,1
29034.jpg,0
23356.jpg,0
3403.jpg,1
27126.jpg,0
4203.jpg,1
6260.jpg,1
26590.jpg,1
9806.jpg,1
7203.jpg,1
9453.jpg,1
23479.jpg,0
10978.jpg,1
14704.jpg,0
12737.jpg,0
7153.jpg,1
6053.jpg,0
4233.jpg,1
6684.jpg,1
13098.jpg,0
2114.jpg,1
14439.jpg,0
17376.jpg,0
8043.jpg,1
2337.jpg,1
7834.jpg,1
5906.jpg,0
11742.jpg,0
6749.jpg,1
6593.jpg,1
7966.jpg,1
6838.jpg,1
4980.jpg,1
17205.jpg,0
5979.jpg,0
10549.jpg,0
4912.jpg,1
3654.jpg,1
2727.jpg,1
1222.jpg,0
5780.jpg,0
3566.jpg,1
2875.jpg,1
9491.jpg,0
9324.jpg,1
7982.jpg,1
19948.jpg,1
3146.jpg,1
17288.jpg,0
13185.jpg,0
1647.jpg,1
10264.jpg,1
8015.jpg,1
13143.jpg,0
9107.jpg,0
7325.jpg,1
12641.jpg,0
942.jpg,1
9829.jpg,1
7408.jpg,1
8854.jpg,0
2587.jpg,1
20455.jpg,0
9579.jpg,0
14509.jpg,0
21038.jpg,0
6527.jpg,1
1270.jpg,1
15182.jpg,0
25225.jpg,0
4451.jpg,1
4878.jpg,1
7870.jpg,1
3895.jpg,1
14314.jpg,1
13220.jpg,0
2498.jpg,1
6470.jpg,1
15243.jpg,0
14755.jpg,0
4895.jpg,1
7108.jpg,1
9472.jpg,1
14929.jpg,0
6664.jpg,1
8068.jpg,1
2692.jpg,1
10124.jpg,1
24529.jpg,1
14290.jpg,0
6584.jpg,0
8978.jpg,1
6515.jpg,1
895.jpg,0
12671.jpg,0
13084.jpg,0
2037.jpg,1
15421.jpg,0
9898.jpg,1
3144.jpg,1
9963.jpg,1
7570.jpg,1
1632.jpg,1
10142.jpg,0
20051.jpg,0
7994.jpg,1
13068.jpg,0
6565.jpg,0
10387.jpg,1
6106.jpg,1
20447.jpg,0
8793.jpg,1
7362.jpg,1
9956.jpg,1
23239.jpg,0
5576.jpg,1
3380.jpg,1
22979.jpg,0
16988.jpg,0
7831.jpg,1
5801.jpg,0
20131.jpg,0
3506.jpg,1
3379.jpg,1
13037.jpg,0
17588.jpg,0
14411.jpg,1
21115.jpg,0
2193.jpg,1
26976.jpg,0
24948.jpg,0
6981.jpg,1
9337.jpg,1
1108.jpg,0
64.jpg,0
9187.jpg,1
23146.jpg,0
3872.jpg,1
15593.jpg,1
14304.jpg,0
12933.jpg,1
8513.jpg,0
27268.jpg,0
9771.jpg,1
2705.jpg,0
6487.jpg,0
14762.jpg,0
20394.jpg,0
431.jpg,0
20305.jpg,0
2019.jpg,1
14416.jpg,0
7370.jpg,1
1314.jpg,1
5320.jpg,1
12888.jpg,0
13148.jpg,0
9774.jpg,1
8917.jpg,0
4455.jpg,1
28737.jpg,0
25241.jpg,0
21202.jpg,0
9226.jpg,1
23229.jpg,0
14618.jpg,1
4128.jpg,1
12988.jpg,0
8216.jpg,1
4125.jpg,1
1241.jpg,0
10068.jpg,1
14942.jpg,0
7700.jpg,1
20460.jpg,0
22828.jpg,0
3696.jpg,1
9991.jpg,1
128.jpg,1
15601.jpg,0
4812.jpg,1
20398.jpg,1
5102.jpg,0
5630.jpg,1
10724.jpg,1
2022.jpg,1
8945.jpg,0
841.jpg,0
2976.jpg,1
29026.jpg,0
5559.jpg,1
11736.jpg,1
9355.jpg,1
3922.jpg,1
10273.jpg,0
7819.jpg,1
11439.jpg,1
11311.jpg,1
3009.jpg,1
16994.jpg,0
3825.jpg,1
27132.jpg,1
3685.jpg,1
10581.jpg,0
8721.jpg,1
6921.jpg,1
13001.jpg,0
10025.jpg,0
2305.jpg,1
20358.jpg,1
17211.jpg,0
7559.jpg,1
6478.jpg,1
4235.jpg,1
24558.jpg,0
3001.jpg,1
2404.jpg,1
23203.jpg,0
12664.jpg,0
24998.jpg,0
6364.jpg,1
24268.jpg,1
3087.jpg,1
1355.jpg,1
17523.jpg,0
6781.jpg,1
501.jpg,0
7549.jpg,1
11294.jpg,1
1821.jpg,1
17113.jpg,0
5537.jpg,1
12997.jpg,0
23241.jpg,0
10070.jpg,1
8034.jpg,1
4436.jpg,1
28747.jpg,0
9070.jpg,0
11064.jpg,1
29583.jpg,0
1003.jpg,0
9428.jpg,1
4076.jpg,1
4308.jpg,1
11264.jpg,1
15365.jpg,0
4441.jpg,1
1092.jpg,0
16849.jpg,0
3896.jpg,1
25076.jpg,0
14481.jpg,0
7182.jpg,1
4234.jpg,1
5599.jpg,1
24548.jpg,0
3398.jpg,1
2723.jpg,1
1482.jpg,1
15031.jpg,0
11111.jpg,1
2081.jpg,1
5971.jpg,0
19992.jpg,0
22875.jpg,0
16862.jpg,0
3464.jpg,0
6662.jpg,0
23052.jpg,0
10252.jpg,0
8859.jpg,0
4972.jpg,1
16974.jpg,0
11393.jpg,1
14701.jpg,0
12700.jpg,0
8456.jpg,0
28814.jpg,0
23272.jpg,0
2216.jpg,0
14716.jpg,0
1366.jpg,1
6969.jpg,1
2870.jpg,1
2122.jpg,1
15381.jpg,0
3383.jpg,1
3862.jpg,1
17171.jpg,0
20060.jpg,0
11185.jpg,1
3812.jpg,1
3513.jpg,1
7435.jpg,1
23009.jpg,0
2289.jpg,0
28740.jpg,0
9411.jpg,1
2379.jpg,0
1010.jpg,0
8767.jpg,1
14851.jpg,0
15390.jpg,0
24586.jpg,1
2228.jpg,0
5315.jpg,1
17581.jpg,0
11019.jpg,1
3361.jpg,1
7585.jpg,1
24270.jpg,0
9910.jpg,1
1109.jpg,0
10303.jpg,1
11703.jpg,0
14576.jpg,0
8736.jpg,1
3993.jpg,1
103.jpg,0
2186.jpg,1
7557.jpg,1
6404.jpg,1
6824.jpg,1
23534.jpg,0
2442.jpg,1
210.jpg,0
7503.jpg,1
8806.jpg,0
21185.jpg,0
9635.jpg,1
17563.jpg,0
163.jpg,1
6551.jpg,1
147.jpg,1
15014.jpg,0
11359.jpg,1
20180.jpg,0
853.jpg,0
9204.jpg,1
392.jpg,0
10333.jpg,1
24261.jpg,1
22793.jpg,0
3797.jpg,1
11597.jpg,0
985.jpg,0
4003.jpg,1
10033.jpg,0
4743.jpg,1
84.jpg,1
2463.jpg,1
1164.jpg,0
4255.jpg,0
5667.jpg,1
755.jpg,0
25238.jpg,1
1950.jpg,1
1613.jpg,1
1317.jpg,0
5403.jpg,1
5793.jpg,0
9540.jpg,0
8211.jpg,1
815.jpg,0
4775.jpg,1
10759.jpg,1
17217.jpg,1
10514.jpg,1
14820.jpg,1
23019.jpg,0
15037.jpg,0
1943.jpg,1
5296.jpg,1
25065.jpg,0
22977.jpg,1
2983.jpg,1
1673.jpg,1
24599.jpg,0
17112.jpg,1
10917.jpg,1
4326.jpg,1
17163.jpg,0
4887.jpg,1
4786.jpg,1
6789.jpg,1
28776.jpg,0
23551.jpg,0
25037.jpg,0
4457.jpg,1
2347.jpg,1
222.jpg,0
14617.jpg,0
12849.jpg,0
14318.jpg,0
15101.jpg,0
3494.jpg,1
27267.jpg,1
12773.jpg,1
3658.jpg,1
16904.jpg,0
1545.jpg,1
8629.jpg,1
11280.jpg,1
9042.jpg,0
9486.jpg,0
15053.jpg,1
4437.jpg,1
14636.jpg,0
1218.jpg,0
15623.jpg,0
26360.jpg,0
7143.jpg,1
3652.jpg,0
11273.jpg,1
20364.jpg,0
9606.jpg,1
848.jpg,0
25078.jpg,0
9424.jpg,1
10566.jpg,0
6337.jpg,1
1608.jpg,1
23219.jpg,0
5533.jpg,1
10160.jpg,1
2947.jpg,1
9892.jpg,1
25233.jpg,0
14248.jpg,0
5796.jpg,0
5499.jpg,1
10362.jpg,1
6628.jpg,1
1234.jpg,0
4402.jpg,1
9844.jpg,1
5262.jpg,1
7532.jpg,1
15430.jpg,0
11011.jpg,1
14172.jpg,0
8272.jpg,1
6461.jpg,1
20238.jpg,0
4207.jpg,1
11659.jpg,0
1894.jpg,1
4643.jpg,1
2284.jpg,0
4839.jpg,1
7218.jpg,1
5791.jpg,0
4409.jpg,1
10167.jpg,1
3074.jpg,1
11409.jpg,1
8815.jpg,1
1540.jpg,1
28807.jpg,0
1229.jpg,0
8561.jpg,0
6848.jpg,1
5079.jpg,1
3821.jpg,1
21036.jpg,0
10608.jpg,0
17082.jpg,1
206.jpg,0
24445.jpg,0
6910.jpg,1
10114.jpg,1
15286.jpg,0
4672.jpg,1
23396.jpg,0
6973.jpg,1
3544.jpg,1
26499.jpg,0
5027.jpg,1
4999.jpg,1
13122.jpg,0
10741.jpg,1
8636.jpg,1
5484.jpg,1
6092.jpg,1
2788.jpg,1
23282.jpg,1
23237.jpg,0
10617.jpg,0
28840.jpg,0
7446.jpg,1
9542.jpg,0
1643.jpg,1
17566.jpg,1
6200.jpg,1
3956.jpg,1
10257.jpg,1
9912.jpg,1
5723.jpg,1
15340.jpg,0
5935.jpg,0
14222.jpg,0
4778.jpg,1
199.jpg,0
2679.jpg,1
17344.jpg,1
6741.jpg,1
5438.jpg,1
20172.jpg,0
14711.jpg,0
7590.jpg,1
24645.jpg,1
20400.jpg,0
25179.jpg,0
14631.jpg,0
6739.jpg,1
3644.jpg,1
3561.jpg,1
10488.jpg,1
14832.jpg,0
16941.jpg,0
14927.jpg,0
5004.jpg,1
6927.jpg,1
5929.jpg,0
4078.jpg,1
8742.jpg,1
27139.jpg,0
3534.jpg,1
3979.jpg,1
10585.jpg,1
8012.jpg,1
17565.jpg,0
22980.jpg,0
4173.jpg,1
28852.jpg,0
4613.jpg,1
10332.jpg,1
19984.jpg,1
4603.jpg,1
28870.jpg,1
7478.jpg,1
17032.jpg,0
822.jpg,0
5970.jpg,0
3385.jpg,1
5810.jpg,0
22861.jpg,0
14579.jpg,0
10370.jpg,1
11180.jpg,1
9971.jpg,1
5313.jpg,1
16944.jpg,0
8032.jpg,1
12894.jpg,1
14455.jpg,0
6748.jpg,1
1380.jpg,1
21046.jpg,0
10117.jpg,1
14999.jpg,0
15553.jpg,1
17258.jpg,1
7807.jpg,1
2847.jpg,1
28896.jpg,0
958.jpg,1
11257.jpg,1
8950.jpg,0
9321.jpg,1
20465.jpg,1
7690.jpg,1
930.jpg,0
23010.jpg,0
4448.jpg,1
13199.jpg,0
25177.jpg,0
2682.jpg,1
4095.jpg,1
15569.jpg,0
4413.jpg,1
20487.jpg,0
23449.jpg,0
10673.jpg,0
10101.jpg,1
13012.jpg,1
17173.jpg,0
26442.jpg,0
5297.jpg,1
7323.jpg,1
22930.jpg,0
6263.jpg,1
7747.jpg,1
450.jpg,0
7257.jpg,1
15234.jpg,0
6100.jpg,1
9821.jpg,1
19958.jpg,0
7142.jpg,1
7136.jpg,1
9604.jpg,0
22831.jpg,0
20377.jpg,0
13169.jpg,0
6072.jpg,1
11161.jpg,1
496.jpg,0
9907.jpg,1
11798.jpg,0
17317.jpg,0
12866.jpg,0
11801.jpg,0
8726.jpg,1
7949.jpg,1
23269.jpg,1
14153.jpg,0
15202.jpg,0
17089.jpg,0
5062.jpg,1
9795.jpg,1
5757.jpg,1
3071.jpg,1
3677.jpg,1
87.jpg,1
4428.jpg,1
373.jpg,1
2106.jpg,1
1577.jpg,1
6677.jpg,1
4848.jpg,1
1939.jpg,1
10157.jpg,1
10615.jpg,0
13024.jpg,0
23150.jpg,0
9242.jpg,1
2307.jpg,1
29601.jpg,1
4392.jpg,1
14829.jpg,0
14804.jpg,0
17281.jpg,0
2638.jpg,1
1191.jpg,0
11463.jpg,1
8619.jpg,1
26998.jpg,0
7891.jpg,1
4855.jpg,1
9060.jpg,0
4313.jpg,1
4262.jpg,1
8286.jpg,1
29606.jpg,0
7484.jpg,1
15407.jpg,0
2148.jpg,1
20014.jpg,0
3366.jpg,1
11330.jpg,1
5746.jpg,1
17569.jpg,0
4732.jpg,1
9521.jpg,1
7643.jpg,1
29027.jpg,0
3765.jpg,1
1852.jpg,1
10683.jpg,0
262.jpg,0
3016.jpg,1
7223.jpg,1
7650.jpg,1
4677.jpg,1
23359.jpg,1
7991.jpg,1
17617.jpg,0
28913.jpg,0
8684.jpg,1
4468.jpg,1
9732.jpg,1
29006.jpg,0
5356.jpg,1
14826.jpg,0
2732.jpg,1
1321.jpg,1
6966.jpg,1
14641.jpg,0
6381.jpg,1
8429.jpg,1
2021.jpg,1
14880.jpg,0
12760.jpg,1
7693.jpg,1
2006.jpg,1
20456.jpg,0
1712.jpg,1
9674.jpg,1
7468.jpg,1
4431.jpg,1
15370.jpg,0
4699.jpg,1
10486.jpg,1
5984.jpg,0
5385.jpg,1
7528.jpg,1
17571.jpg,0
4061.jpg,1
16961.jpg,0
1570.jpg,1
4039.jpg,1
21040.jpg,0
1665.jpg,1
26991.jpg,0
6949.jpg,1
4698.jpg,1
8800.jpg,1
9455.jpg,1
17327.jpg,0
6797.jpg,1
22836.jpg,0
8464.jpg,0
21201.jpg,0
14593.jpg,0
20450.jpg,0
7826.jpg,1
4447.jpg,1
14614.jpg,0
7132.jpg,1
11699.jpg,1
23336.jpg,0
4771.jpg,1
14166.jpg,1
4174.jpg,1
10982.jpg,0
4197.jpg,1
23233.jpg,0
14302.jpg,1
9339.jpg,1
10335.jpg,0
22951.jpg,0
1507.jpg,1
10328.jpg,1
3860.jpg,0
27029.jpg,0
8618.jpg,1
6916.jpg,1
11260.jpg,1
6024.jpg,0
15127.jpg,0
3647.jpg,1
10301.jpg,1
7096.jpg,0
218.jpg,0
5143.jpg,1
13223.jpg,0
1165.jpg,0
28773.jpg,0
10127.jpg,1
807.jpg,0
21024.jpg,0
5611.jpg,1
5114.jpg,1
20368.jpg,0
23222.jpg,0
17058.jpg,0
9536.jpg,0
10935.jpg,1
14231.jpg,0
8175.jpg,1
6681.jpg,1
26369.jpg,1
3517.jpg,1
4835.jpg,1
17144.jpg,0
20492.jpg,0
15332.jpg,0
8895.jpg,0
8369.jpg,1
487.jpg,0
6676.jpg,1
29051.jpg,0
11785.jpg,0
3848.jpg,1
5704.jpg,1
4015.jpg,1
11289.jpg,1
11066.jpg,1
7904.jpg,1
11517.jpg,0
2127.jpg,1
10871.jpg,1
1060.jpg,0
6539.jpg,1
13213.jpg,1
24425.jpg,0
25252.jpg,0
23532.jpg,0
24648.jpg,0
13191.jpg,1
970.jpg,0
17512.jpg,0
27040.jpg,0
2387.jpg,0
6109.jpg,1
8107.jpg,1
14610.jpg,0
6862.jpg,1
1733.jpg,1
9080.jpg,0
2354.jpg,1
5755.jpg,1
7111.jpg,1
6717.jpg,1
16960.jpg,0
9793.jpg,1
22892.jpg,0
28749.jpg,0
11032.jpg,0
15459.jpg,0
2931.jpg,1
1050.jpg,0
12775.jpg,0
16911.jpg,0
9451.jpg,1
9633.jpg,1
11761.jpg,1
10734.jpg,0
4057.jpg,1
3986.jpg,1
6245.jpg,1
918.jpg,0
27152.jpg,0
16868.jpg,0
15125.jpg,0
24298.jpg,0
9015.jpg,0
992.jpg,0
6698.jpg,1
26562.jpg,0
8208.jpg,1
1131.jpg,0
15363.jpg,0
7270.jpg,1
2543.jpg,1
28751.jpg,0
3462.jpg,1
14934.jpg,0
7717.jpg,1
4660.jpg,1
2521.jpg,1
1030.jpg,0
23012.jpg,0
15437.jpg,0
14925.jpg,0
25140.jpg,0
25190.jpg,0
1695.jpg,1
9801.jpg,1
10185.jpg,1
1071.jpg,0
5237.jpg,0
1416.jpg,1
23152.jpg,0
7061.jpg,1
26510.jpg,0
1361.jpg,1
943.jpg,0
8558.jpg,0
22867.jpg,0
5442.jpg,1
9373.jpg,1
20390.jpg,0
8828.jpg,0
5005.jpg,1
2833.jpg,1
1324.jpg,1
9913.jpg,1
12915.jpg,0
12764.jpg,0
19932.jpg,0
5163.jpg,1
26391.jpg,0
23422.jpg,0
7294.jpg,1
6208.jpg,1
8452.jpg,0
7500.jpg,1
11480.jpg,0
4956.jpg,1
9559.jpg,0
10775.jpg,1
11691.jpg,0
4297.jpg,0
24466.jpg,0
6309.jpg,1
3160.jpg,1
14845.jpg,0
9217.jpg,1
23137.jpg,0
26943.jpg,0
5514.jpg,1
14954.jpg,0
10153.jpg,0
14238.jpg,0
10083.jpg,0
8405.jpg,1
14822.jpg,0
1226.jpg,0
8693.jpg,1
1369.jpg,1
15572.jpg,0
25174.jpg,0
8944.jpg,0
21146.jpg,0
9382.jpg,1
14921.jpg,0
3822.jpg,1
6725.jpg,0
8433.jpg,1
4797.jpg,1
9983.jpg,1
9666.jpg,1
26371.jpg,0
11728.jpg,0
10770.jpg,1
2806.jpg,1
1926.jpg,1
13.jpg,0
23021.jpg,0
23097.jpg,0
11062.jpg,1
25183.jpg,0
25205.jpg,0
219.jpg,0
2873.jpg,1
3835.jpg,1
5890.jpg,0
7945.jpg,1
8459.jpg,0
3213.jpg,1
11470.jpg,1
16869.jpg,0
11430.jpg,1
15287.jpg,0
3247.jpg,1
13049.jpg,0
8010.jpg,1
23193.jpg,0
10575.jpg,0
23429.jpg,0
2818.jpg,1
6154.jpg,1
4296.jpg,1
17384.jpg,0
23390.jpg,0
16946.jpg,0
24979.jpg,0
9640.jpg,1
10302.jpg,0
17525.jpg,0
7931.jpg,1
5009.jpg,1
24530.jpg,0
7660.jpg,1
14712.jpg,0
7521.jpg,1
25124.jpg,0
9919.jpg,1
8498.jpg,0
5549.jpg,1
16864.jpg,0
3428.jpg,1
15020.jpg,0
9650.jpg,1
9202.jpg,1
15612.jpg,1
7089.jpg,1
5706.jpg,1
4919.jpg,1
14287.jpg,0
57.jpg,0
28880.jpg,0
23067.jpg,0
6084.jpg,1
7759.jpg,1
4642.jpg,1
15089.jpg,0
1072.jpg,0
6658.jpg,1
23060.jpg,0
23178.jpg,0
220.jpg,0
20045.jpg,0
12781.jpg,0
9572.jpg,0
8762.jpg,1
6501.jpg,1
5828.jpg,0
28784.jpg,0
10367.jpg,1
825.jpg,0
5580.jpg,1
14870.jpg,0
20372.jpg,0
10098.jpg,0
4225.jpg,1
11371.jpg,0
1986.jpg,1
17378.jpg,0
2496.jpg,1
338.jpg,0
11542.jpg,0
7464.jpg,1
22.jpg,0
14739.jpg,0
1804.jpg,1
8076.jpg,1
2691.jpg,1
15284.jpg,0
9436.jpg,1
7302.jpg,1
14400.jpg,0
10402.jpg,1
5358.jpg,1
23533.jpg,0
23271.jpg,0
6187.jpg,1
5699.jpg,1
11245.jpg,1
11817.jpg,1
20163.jpg,0
20513.jpg,0
5018.jpg,1
10403.jpg,1
4301.jpg,1
10317.jpg,1
28769.jpg,0
27184.jpg,0
27076.jpg,0
9551.jpg,0
10661.jpg,0
2327.jpg,1
2112.jpg,1
15505.jpg,0
1560.jpg,1
17485.jpg,0
3342.jpg,1
2430.jpg,1
4598.jpg,1
20053.jpg,1
20019.jpg,0
10797.jpg,1
2304.jpg,1
4992.jpg,1
12706.jpg,0
7369.jpg,1
16968.jpg,0
20514.jpg,0
7198.jpg,1
12752.jpg,0
7520.jpg,1
7115.jpg,1
7902.jpg,1
3065.jpg,1
5117.jpg,1
15357.jpg,0
11582.jpg,1
6429.jpg,1
21037.jpg,0
8996.jpg,1
4631.jpg,1
4310.jpg,1
10614.jpg,0
9036.jpg,0
145.jpg,0
6366.jpg,0
14539.jpg,0
8419.jpg,1
2467.jpg,1
7221.jpg,1
1130.jpg,0
24396.jpg,0
5925.jpg,0
7416.jpg,1
23263.jpg,0
6868.jpg,1
9543.jpg,1
5914.jpg,0
10499.jpg,0
27251.jpg,1
3911.jpg,1
20525.jpg,0
26483.jpg,0
7306.jpg,1
9450.jpg,1
14727.jpg,0
26461.jpg,0
4955.jpg,1
10782.jpg,0
10012.jpg,0
19950.jpg,0
11759.jpg,0
1887.jpg,1
6871.jpg,1
23155.jpg,0
10557.jpg,0
11188.jpg,1
8531.jpg,0
3145.jpg,1
13021.jpg,0
7285.jpg,0
3627.jpg,1
15188.jpg,0
14994.jpg,0
10952.jpg,1
6174.jpg,1
11614.jpg,0
15119.jpg,0
26468.jpg,0
3239.jpg,0
23518.jpg,0
11498.jpg,0
3609.jpg,1
342.jpg,1
9140.jpg,0
10717.jpg,0
8758.jpg,0
5025.jpg,1
1725.jpg,1
6659.jpg,1
20464.jpg,0
9283.jpg,1
25239.jpg,0
24410.jpg,1
6051.jpg,0
6074.jpg,1
28774.jpg,0
346.jpg,0
1625.jpg,1
17187.jpg,0
16858.jpg,0
4498.jpg,1
287.jpg,0
9281.jpg,1
4851.jpg,1
14903.jpg,0
24325.jpg,0
11406.jpg,1
15412.jpg,0
4373.jpg,1
2189.jpg,1
9181.jpg,1
17268.jpg,0
28850.jpg,0
4859.jpg,1
20090.jpg,0
17117.jpg,0
19952.jpg,0
2970.jpg,1
17586.jpg,0
1652.jpg,1
9073.jpg,0
6595.jpg,0
4055.jpg,1
1023.jpg,0
22813.jpg,0
25268.jpg,1
1769.jpg,1
6906.jpg,1
6112.jpg,0
8878.jpg,0
6058.jpg,0
10442.jpg,1
1486.jpg,1
8424.jpg,1
8174.jpg,1
4617.jpg,1
5878.jpg,1
9643.jpg,1
7491.jpg,1
5515.jpg,1
24494.jpg,0
1169.jpg,0
8554.jpg,0
6938.jpg,1
11422.jpg,0
9471.jpg,1
17061.jpg,1
27007.jpg,0
10216.jpg,1
23549.jpg,0
8453.jpg,0
17477.jpg,0
1352.jpg,1
8894.jpg,0
1434.jpg,1
10658.jpg,0
10168.jpg,1
8192.jpg,1
23049.jpg,1
24355.jpg,0
10861.jpg,1
15448.jpg,0
2576.jpg,1
5186.jpg,1
1233.jpg,0
8384.jpg,1
27204.jpg,0
9225.jpg,1
20123.jpg,0
2795.jpg,1
6371.jpg,1
14675.jpg,0
8482.jpg,0
1313.jpg,1
13060.jpg,0
10231.jpg,1
14922.jpg,0
17100.jpg,0
12758.jpg,0
7906.jpg,1
8388.jpg,1
11244.jpg,1
2899.jpg,1
4410.jpg,1
17326.jpg,0
7365.jpg,1
1590.jpg,1
8105.jpg,0
2455.jpg,1
1706.jpg,1
14955.jpg,0
1394.jpg,1
14831.jpg,0
1910.jpg,1
9998.jpg,1
13018.jpg,0
17575.jpg,0
22987.jpg,1
9932.jpg,1
9721.jpg,1
4969.jpg,1
7137.jpg,1
2015.jpg,1
9743.jpg,1
5538.jpg,1
21086.jpg,0
1176.jpg,0
15308.jpg,0
10218.jpg,0
1711.jpg,1
12792.jpg,0
8492.jpg,0
8870.jpg,0
8028.jpg,1
24458.jpg,0
24603.jpg,0
7354.jpg,1
9485.jpg,0
10251.jpg,0
9618.jpg,1
6944.jpg,1
15470.jpg,1
955.jpg,0
1667.jpg,1
6688.jpg,1
20498.jpg,1
6926.jpg,1
306.jpg,0
22910.jpg,0
3615.jpg,1
751.jpg,0
26432.jpg,0
10044.jpg,1
5390.jpg,1
11441.jpg,1
15633.jpg,1
28845.jpg,1
196.jpg,0
5165.jpg,1
10288.jpg,1
13091.jpg,0
25003.jpg,0
8746.jpg,1
9333.jpg,1
296.jpg,0
5374.jpg,1
10312.jpg,0
20248.jpg,0
20469.jpg,1
2770.jpg,1
3416.jpg,1
4168.jpg,1
23120.jpg,1
8766.jpg,1
14271.jpg,0
3551.jpg,1
5254.jpg,1
14588.jpg,0
11223.jpg,1
23526.jpg,0
17294.jpg,0
4616.jpg,1
7919.jpg,1
5394.jpg,1
7240.jpg,1
3091.jpg,1
795.jpg,0
4719.jpg,1
2275.jpg,0
23267.jpg,1
1253.jpg,0
20389.jpg,0
13030.jpg,0
5256.jpg,1
240.jpg,0
9548.jpg,0
3446.jpg,1
2653.jpg,1
3116.jpg,0
2188.jpg,1
6271.jpg,1
8543.jpg,0
1370.jpg,1
3711.jpg,1
20260.jpg,0
6521.jpg,1
4081.jpg,1
9380.jpg,1
26531.jpg,0
10130.jpg,0
6096.jpg,1
4271.jpg,1
6247.jpg,1
7885.jpg,1
4678.jpg,1
7852.jpg,1
23063.jpg,0
12978.jpg,0
23194.jpg,0
3070.jpg,1
891.jpg,0
15171.jpg,0
5243.jpg,1
6028.jpg,1
4619.jpg,1
926.jpg,0
29005.jpg,0
24953.jpg,0
14381.jpg,0
24247.jpg,0
14878.jpg,0
3827.jpg,1
14718.jpg,0
6845.jpg,1
8723.jpg,1
10275.jpg,0
5566.jpg,1
25001.jpg,0
24331.jpg,0
5752.jpg,1
29584.jpg,0
15490.jpg,0
8326.jpg,1
5656.jpg,1
21007.jpg,0
23370.jpg,0
377.jpg,0
3554.jpg,1
10178.jpg,1
25160.jpg,0
8301.jpg,1
17398.jpg,0
8988.jpg,0
12755.jpg,1
1067.jpg,0
15542.jpg,1
15574.jpg,0
20325.jpg,0
6253.jpg,1
7808.jpg,1
6964.jpg,1
17134.jpg,0
3876.jpg,1
11436.jpg,1
10736.jpg,0
13106.jpg,0
1637.jpg,1
11023.jpg,0
4391.jpg,0
10610.jpg,0
116.jpg,0
6573.jpg,0
6548.jpg,1
7216.jpg,1
11303.jpg,1
17377.jpg,0
4657.jpg,1
20105.jpg,0
2441.jpg,1
14450.jpg,0
3504.jpg,1
12772.jpg,0
9294.jpg,1
23151.jpg,0
28934.jpg,0
5781.jpg,0
1849.jpg,1
6924.jpg,1
475.jpg,0
3878.jpg,1
25139.jpg,0
26939.jpg,1
3476.jpg,1
1797.jpg,1
21148.jpg,0
8481.jpg,0
207.jpg,0
3431.jpg,1
6721.jpg,1
2412.jpg,1
325.jpg,0
23472.jpg,0
11506.jpg,0
5640.jpg,1
2695.jpg,1
4477.jpg,1
8555.jpg,0
1232.jpg,0
15006.jpg,0
6378.jpg,1
28922.jpg,0
20128.jpg,0
4981.jpg,1
22953.jpg,0
4054.jpg,1
3472.jpg,1
2530.jpg,1
13201.jpg,0
5988.jpg,0
1537.jpg,1
7476.jpg,1
8915.jpg,0
7694.jpg,1
6484.jpg,1
20121.jpg,0
20256.jpg,0
1417.jpg,1
26433.jpg,0
5210.jpg,1
6535.jpg,1
2912.jpg,1
9164.jpg,0
11377.jpg,0
3936.jpg,1
2654.jpg,1
24346.jpg,0
11663.jpg,0
14335.jpg,0
10987.jpg,0
12999.jpg,1
5026.jpg,1
22952.jpg,0
6531.jpg,1
2749.jpg,1
3386.jpg,1
3060.jpg,1
14449.jpg,1
22960.jpg,0
10375.jpg,1
8302.jpg,1
6303.jpg,1
19986.jpg,0
21122.jpg,0
5344.jpg,1
4987.jpg,1
5061.jpg,1
1007.jpg,0
14530.jpg,1
6897.jpg,1
10606.jpg,0
20253.jpg,0
9297.jpg,1
15296.jpg,0
9134.jpg,0
4346.jpg,1
7310.jpg,1
17276.jpg,0
17501.jpg,0
6765.jpg,1
1962.jpg,1
8648.jpg,1
11107.jpg,1
2383.jpg,1
15556.jpg,0
4182.jpg,1
15311.jpg,0
25027.jpg,0
7861.jpg,1
4425.jpg,1
7572.jpg,1
2665.jpg,1
5351.jpg,1
6486.jpg,1
14703.jpg,0
23261.jpg,0
19971.jpg,0
24450.jpg,0
6583.jpg,0
25073.jpg,0
6146.jpg,1
23427.jpg,0
14170.jpg,0
13020.jpg,0
6923.jpg,1
99.jpg,0
12970.jpg,0
12908.jpg,1
1175.jpg,0
28836.jpg,0
14510.jpg,0
11412.jpg,1
29033.jpg,0
23352.jpg,0
2820.jpg,1
6137.jpg,1
4843.jpg,1
11642.jpg,1
13011.jpg,0
10497.jpg,1
7396.jpg,1
1239.jpg,0
17209.jpg,0
8289.jpg,1
8596.jpg,1
8058.jpg,1
8398.jpg,1
1752.jpg,1
3339.jpg,1
1819.jpg,1
23242.jpg,0
11767.jpg,0
9933.jpg,1
17122.jpg,0
20013.jpg,0
8230.jpg,1
5916.jpg,0
3090.jpg,1
10957.jpg,1
7824.jpg,1
11138.jpg,1
7753.jpg,1
8457.jpg,0
6066.jpg,1
1924.jpg,1
27055.jpg,0
11425.jpg,1
19951.jpg,0
24295.jpg,0
28866.jpg,0
7118.jpg,1
14656.jpg,0
9773.jpg,1
10472.jpg,1
22970.jpg,0
20378.jpg,0
476.jpg,0
3522.jpg,1
8976.jpg,0
3041.jpg,1
11347.jpg,1
10420.jpg,1
10019.jpg,1
3321.jpg,1
8527.jpg,0
398.jpg,0
15126.jpg,0
2624.jpg,1
1697.jpg,1
16918.jpg,0
12950.jpg,0
2943.jpg,1
20317.jpg,0
7950.jpg,1
28766.jpg,0
5942.jpg,0
968.jpg,0
2907.jpg,1
3962.jpg,1
1974.jpg,1
2921.jpg,1
744.jpg,0
23090.jpg,0
7610.jpg,0
14501.jpg,0
11315.jpg,1
9314.jpg,1
9687.jpg,1
24417.jpg,1
24572.jpg,1
2500.jpg,1
7680.jpg,1
3951.jpg,1
1265.jpg,0
22886.jpg,0
1297.jpg,0
8932.jpg,0
4018.jpg,1
13174.jpg,0
9146.jpg,0
26954.jpg,0
11673.jpg,0
947.jpg,0
6437.jpg,1
23325.jpg,0
332.jpg,0
11302.jpg,1
8090.jpg,1
26477.jpg,0
6313.jpg,1
4493.jpg,1
140.jpg,0
1112.jpg,0
20335.jpg,0
11399.jpg,1
17244.jpg,0
17285.jpg,0
7050.jpg,1
22810.jpg,0
14792.jpg,0
15007.jpg,0
26383.jpg,1
1474.jpg,0
14756.jpg,0
8262.jpg,1
10355.jpg,0
11561.jpg,0
21165.jpg,0
6647.jpg,1
17060.jpg,0
9105.jpg,0
1579.jpg,1
5872.jpg,0
28759.jpg,0
6439.jpg,1
14216.jpg,0
9916.jpg,1
10984.jpg,1
12725.jpg,0
27282.jpg,0
3889.jpg,1
8548.jpg,0
2911.jpg,1
7265.jpg,1
26988.jpg,1
500.jpg,0
9115.jpg,0
7566.jpg,1
8570.jpg,0
6734.jpg,1
5899.jpg,1
5558.jpg,1
29582.jpg,0
2277.jpg,0
9972.jpg,1
990.jpg,0
1959.jpg,1
11053.jpg,1
22808.jpg,0
5900.jpg,0
393.jpg,0
16985.jpg,0
25081.jpg,0
824.jpg,0
24401.jpg,0
26491.jpg,0
215.jpg,0
23094.jpg,1
22819.jpg,0
4305.jpg,1
9155.jpg,0
4184.jpg,1
5057.jpg,1
10835.jpg,1
3757.jpg,1
3027.jpg,1
3991.jpg,1
1133.jpg,0
17266.jpg,0
13210.jpg,0
10077.jpg,1
6012.jpg,0
9132.jpg,0
14659.jpg,0
27039.jpg,1
11046.jpg,1
9982.jpg,1
1684.jpg,1
3182.jpg,1
26363.jpg,0
9044.jpg,0
371.jpg,0
3579.jpg,1
2852.jpg,1
1043.jpg,0
4821.jpg,1
14553.jpg,0
7458.jpg,1
24.jpg,1
12987.jpg,0
14557.jpg,0
15257.jpg,0
3855.jpg,1
6415.jpg,1
10080.jpg,1
7051.jpg,0
9582.jpg,0
1566.jpg,1
28921.jpg,1
7699.jpg,1
12777.jpg,0
17220.jpg,0
5525.jpg,1
8614.jpg,1
826.jpg,0
3266.jpg,1
4191.jpg,1
952.jpg,0
28917.jpg,1
12872.jpg,0
22805.jpg,1
14405.jpg,1
909.jpg,0
10254.jpg,1
28929.jpg,0
11644.jpg,1
23462.jpg,0
1247.jpg,0
10816.jpg,1
15019.jpg,1
26549.jpg,0
426.jpg,0
8608.jpg,1
5639.jpg,1
8005.jpg,1
1791.jpg,1
7828.jpg,1
28958.jpg,1
8901.jpg,0
3488.jpg,1
6454.jpg,1
23089.jpg,0
14131.jpg,1
4960.jpg,1
23367.jpg,1
9174.jpg,0
29599.jpg,0
6671.jpg,1
10830.jpg,1
9525.jpg,1
7183.jpg,1
21099.jpg,0
15030.jpg,0
10201.jpg,1
9037.jpg,0
7574.jpg,1
7374.jpg,1
14620.jpg,0
10602.jpg,0
11137.jpg,1
3631.jpg,1
839.jpg,0
20344.jpg,0
11024.jpg,1
14418.jpg,0
17292.jpg,0
3966.jpg,1
5550.jpg,1
6201.jpg,1
17083.jpg,1
5879.jpg,0
150.jpg,1
7853.jpg,1
9469.jpg,1
7778.jpg,1
8926.jpg,0
1104.jpg,0
14183.jpg,0
14554.jpg,0
23197.jpg,0
3593.jpg,1
4148.jpg,1
12765.jpg,0
2504.jpg,1
6817.jpg,1
3176.jpg,0
8247.jpg,1
5253.jpg,1
3939.jpg,1
14692.jpg,0
26573.jpg,0
3411.jpg,1
15383.jpg,0
19993.jpg,0
8450.jpg,1
8578.jpg,1
20332.jpg,0
29047.jpg,0
15510.jpg,0
6166.jpg,1
21180.jpg,0
6579.jpg,0
7781.jpg,1
359.jpg,0
1903.jpg,1
17125.jpg,0
10340.jpg,1
7472.jpg,1
11771.jpg,1
11705.jpg,0
21169.jpg,0
6422.jpg,0
7844.jpg,1
1463.jpg,1
485.jpg,0
11427.jpg,1
13093.jpg,0
8091.jpg,1
3931.jpg,1
11020.jpg,1
24651.jpg,1
4654.jpg,1
2469.jpg,1
10241.jpg,1
23552.jpg,0
9800.jpg,1
14608.jpg,0
1302.jpg,1
1759.jpg,1
12817.jpg,0
14882.jpg,0
24612.jpg,0
24646.jpg,0
11153.jpg,1
9147.jpg,0
4630.jpg,1
17433.jpg,0
2704.jpg,1
10177.jpg,1
7684.jpg,0
9885.jpg,1
11384.jpg,1
10105.jpg,1
3058.jpg,1
2829.jpg,1
8089.jpg,1
3486.jpg,1
2742.jpg,1
17419.jpg,0
4894.jpg,1
21079.jpg,0
14609.jpg,0
1585.jpg,1
2484.jpg,1
447.jpg,0
8507.jpg,0
3782.jpg,1
11225.jpg,1
6321.jpg,1
3857.jpg,0
2985.jpg,1
16892.jpg,0
7231.jpg,1
5815.jpg,0
24395.jpg,0
1275.jpg,1
11287.jpg,1
14892.jpg,0
5507.jpg,1
5891.jpg,0
8763.jpg,1
6700.jpg,1
10494.jpg,1
911.jpg,0
8911.jpg,0
1107.jpg,0
2382.jpg,1
7471.jpg,1
24254.jpg,1
7895.jpg,1
15444.jpg,0
11780.jpg,0
12830.jpg,0
10188.jpg,1
7424.jpg,1
2036.jpg,1
2567.jpg,1
12794.jpg,0
10999.jpg,0
5405.jpg,1
7732.jpg,1
6450.jpg,1
9831.jpg,1
20218.jpg,0
9145.jpg,0
7178.jpg,1
8274.jpg,1
14390.jpg,0
11454.jpg,1
4665.jpg,1
9717.jpg,1
9182.jpg,1
2687.jpg,1
26557.jpg,0
10280.jpg,0
23075.jpg,0
14313.jpg,0
6839.jpg,1
8897.jpg,0
17578.jpg,0
6711.jpg,1
14750.jpg,0
5763.jpg,1
12727.jpg,0
14343.jpg,0
17591.jpg,0
21023.jpg,0
3185.jpg,0
27106.jpg,0
1020.jpg,0
4489.jpg,1
8427.jpg,0
1549.jpg,1
15105.jpg,0
20381.jpg,0
7605.jpg,1
20.jpg,1
1630.jpg,1
23415.jpg,0
5843.jpg,0
4602.jpg,1
3.jpg,0
3960.jpg,1
9400.jpg,1
7148.jpg,0
3461.jpg,1
15324.jpg,0
757.jpg,1
2747.jpg,1
23473.jpg,0
10817.jpg,1
11209.jpg,1
10141.jpg,1
1844.jpg,1
10692.jpg,0
6224.jpg,1
8509.jpg,1
10021.jpg,1
20427.jpg,0
24344.jpg,0
12871.jpg,0
15052.jpg,1
8696.jpg,1
2263.jpg,0
5579.jpg,0
375.jpg,0
3341.jpg,1
9935.jpg,1
5664.jpg,1
17547.jpg,0
12742.jpg,0
3353.jpg,1
20403.jpg,0
24636.jpg,1
28873.jpg,0
8708.jpg,1
17202.jpg,0
3143.jpg,1
27290.jpg,0
9296.jpg,1
5520.jpg,1
25071.jpg,0
2865.jpg,1
5529.jpg,1
9992.jpg,1
4261.jpg,0
14467.jpg,0
4366.jpg,1
8564.jpg,0
29000.jpg,0
1828.jpg,1
8143.jpg,1
4707.jpg,1
2448.jpg,1
16870.jpg,0
9183.jpg,1
6506.jpg,1
3032.jpg,1
6543.jpg,0
8941.jpg,0
17226.jpg,0
3560.jpg,1
7459.jpg,1
17190.jpg,0
25125.jpg,0
8969.jpg,0
3184.jpg,1
7910.jpg,1
3503.jpg,1
2388.jpg,1
21041.jpg,0
26487.jpg,0
14560.jpg,0
12856.jpg,1
28798.jpg,0
20213.jpg,0
24986.jpg,0
21056.jpg,0
308.jpg,0
3451.jpg,1
5626.jpg,1
8501.jpg,1
4691.jpg,1
1760.jpg,1
3230.jpg,1
2200.jpg,1
14544.jpg,0
11256.jpg,1
6649.jpg,0
25235.jpg,0
12887.jpg,0
12820.jpg,0
14683.jpg,0
8549.jpg,0
9470.jpg,1
14945.jpg,0
23001.jpg,1
12896.jpg,0
25191.jpg,0
5990.jpg,1
7622.jpg,1
23108.jpg,0
5068.jpg,1
7595.jpg,1
23530.jpg,0
1077.jpg,0
17201.jpg,0
9672.jpg,1
11124.jpg,1
2760.jpg,1
4089.jpg,1
17405.jpg,0
3125.jpg,1
12685.jpg,0
6977.jpg,1
2590.jpg,1
2499.jpg,1
6308.jpg,1
26398.jpg,1
1351.jpg,1
2603.jpg,1
5396.jpg,1
6430.jpg,0
14998.jpg,0
2230.jpg,0
12957.jpg,0
11219.jpg,1
14255.jpg,0
21011.jpg,0
2981.jpg,1
26484.jpg,0
9116.jpg,1
9273.jpg,1
1462.jpg,1
4006.jpg,1
3735.jpg,1
23040.jpg,0
3608.jpg,1
12979.jpg,0
15480.jpg,1
1008.jpg,0
14296.jpg,0
3791.jpg,1
2807.jpg,1
2889.jpg,1
10796.jpg,1
10988.jpg,1
8560.jpg,0
499.jpg,0
8027.jpg,1
12788.jpg,0
2260.jpg,0
15199.jpg,0
8001.jpg,1
16902.jpg,0
5905.jpg,0
3781.jpg,1
8048.jpg,1
9799.jpg,1
4932.jpg,1
2674.jpg,1
8147.jpg,1
1839.jpg,1
23260.jpg,0
24594.jpg,0
5969.jpg,0
15372.jpg,1
15461.jpg,0
8823.jpg,1
9531.jpg,1
133.jpg,0
1720.jpg,1
8421.jpg,1
4744.jpg,1
7616.jpg,1
9611.jpg,0
23059.jpg,0
4506.jpg,1
23446.jpg,0
15469.jpg,0
2710.jpg,1
1795.jpg,1
4820.jpg,1
9655.jpg,1
9534.jpg,0
2910.jpg,1
149.jpg,1
23438.jpg,0
5468.jpg,1
10246.jpg,1
11122.jpg,1
898.jpg,0
11039.jpg,1
6828.jpg,1
23354.jpg,0
6635.jpg,1
23201.jpg,0
504.jpg,0
2309.jpg,1
10921.jpg,1
8942.jpg,0
25068.jpg,0
10584.jpg,1
8577.jpg,1
8220.jpg,1
27149.jpg,1
7324.jpg,1
2745.jpg,1
27135.jpg,1
8381.jpg,1
2924.jpg,1
10034.jpg,0
3961.jpg,1
6414.jpg,1
8235.jpg,1
10498.jpg,0
14865.jpg,0
26492.jpg,0
11374.jpg,1
1639.jpg,1
10974.jpg,0
26395.jpg,0
27072.jpg,0
7720.jpg,1
6217.jpg,1
3312.jpg,1
2089.jpg,1
28985.jpg,1
9081.jpg,0
7235.jpg,1
14561.jpg,0
25031.jpg,0
24554.jpg,0
17515.jpg,0
15475.jpg,0
14789.jpg,0
4287.jpg,1
10515.jpg,1
20421.jpg,0
6218.jpg,1
10706.jpg,0
3099.jpg,1
7120.jpg,1
2438.jpg,1
2750.jpg,1
4256.jpg,1
8072.jpg,1
15589.jpg,0
16876.jpg,0
10496.jpg,1
11779.jpg,0
16958.jpg,0
4832.jpg,1
23026.jpg,0
17332.jpg,0
4190.jpg,1
11288.jpg,1
11341.jpg,1
4892.jpg,1
4107.jpg,1
26552.jpg,0
8241.jpg,1
20516.jpg,0
10889.jpg,1
10794.jpg,0
12843.jpg,0
2443.jpg,1
8080.jpg,1
6246.jpg,1
10406.jpg,1
9144.jpg,0
2128.jpg,1
4053.jpg,1
3468.jpg,1
10904.jpg,1
1789.jpg,1
3648.jpg,1
20375.jpg,0
5131.jpg,1
26476.jpg,0
1435.jpg,1
10618.jpg,1
10986.jpg,1
17293.jpg,0
6614.jpg,1
10833.jpg,1
2223.jpg,1
2613.jpg,0
8579.jpg,1
10946.jpg,1
1281.jpg,1
195.jpg,0
1968.jpg,1
961.jpg,0
22906.jpg,0
28789.jpg,0
9676.jpg,1
8462.jpg,0
7728.jpg,0
2250.jpg,0
25017.jpg,0
23522.jpg,0
12898.jpg,0
17475.jpg,0
11104.jpg,1
11457.jpg,1
12838.jpg,0
1272.jpg,1
16865.jpg,0
27295.jpg,1
3036.jpg,1
8520.jpg,0
15322.jpg,0
6442.jpg,1
5837.jpg,1
20314.jpg,0
1773.jpg,1
20192.jpg,0
1386.jpg,1
4421.jpg,1
10829.jpg,0
5275.jpg,0
2217.jpg,0
14723.jpg,0
10555.jpg,1
742.jpg,0
10651.jpg,0
15630.jpg,1
2779.jpg,1
26505.jpg,0
26413.jpg,0
9235.jpg,1
10903.jpg,1
1572.jpg,1
13214.jpg,0
8584.jpg,1
12732.jpg,0
4238.jpg,0
11588.jpg,1
28755.jpg,1
4828.jpg,1
5194.jpg,1
22807.jpg,0
20034.jpg,0
5508.jpg,1
20200.jpg,0
20308.jpg,0
9693.jpg,1
10681.jpg,0
20226.jpg,0
26980.jpg,0
2534.jpg,1
15116.jpg,0
10271.jpg,1
9221.jpg,1
6090.jpg,1
20046.jpg,0
3298.jpg,1
6680.jpg,1
3832.jpg,0
407.jpg,0
8132.jpg,1
24315.jpg,0
3902.jpg,1
3061.jpg,1
4328.jpg,1
6147.jpg,1
4683.jpg,1
27101.jpg,0
14220.jpg,1
8376.jpg,1
11649.jpg,1
17012.jpg,0
24537.jpg,1
10825.jpg,1
6301.jpg,1
9520.jpg,0
3990.jpg,1
9179.jpg,1
13039.jpg,0
14277.jpg,0
15500.jpg,0
27025.jpg,1
2952.jpg,1
10394.jpg,1
4306.jpg,0
17172.jpg,0
2897.jpg,1
17257.jpg,1
2994.jpg,1
20267.jpg,0
1777.jpg,1
17410.jpg,0
5094.jpg,1
759.jpg,0
11716.jpg,0
21176.jpg,0
2697.jpg,1
1602.jpg,0
5666.jpg,1
8017.jpg,1
14421.jpg,0
7898.jpg,1
5806.jpg,0
26951.jpg,0
6873.jpg,1
24336.jpg,1
14746.jpg,0
17478.jpg,0
6793.jpg,1
4389.jpg,1
10029.jpg,1
5827.jpg,1
2647.jpg,1
405.jpg,0
17473.jpg,0
10456.jpg,1
2399.jpg,1
10209.jpg,1
17467.jpg,0
937.jpg,0
1552.jpg,1
26513.jpg,0
4884.jpg,1
6135.jpg,1
10501.jpg,1
12873.jpg,0
8242.jpg,1
6185.jpg,1
3329.jpg,1
12889.jpg,1
4119.jpg,1
323.jpg,0
5352.jpg,1
2640.jpg,1
6576.jpg,0
3926.jpg,1
10598.jpg,0
10840.jpg,1
11560.jpg,0
9153.jpg,0
1254.jpg,0
9930.jpg,1
25085.jpg,0
26493.jpg,0
14938.jpg,0
2136.jpg,1
11557.jpg,0
15571.jpg,0
4844.jpg,1
2242.jpg,1
21177.jpg,0
25107.jpg,1
5636.jpg,0
26997.jpg,1
7651.jpg,0
4075.jpg,1
10850.jpg,1
13226.jpg,0
4251.jpg,0
15064.jpg,0
24518.jpg,0
9864.jpg,1
14769.jpg,0
2044.jpg,1
10916.jpg,1
9726.jpg,1
5223.jpg,1
12736.jpg,0
9157.jpg,0
10085.jpg,1
2700.jpg,1
14657.jpg,0
948.jpg,0
14674.jpg,0
5399.jpg,1
2181.jpg,1
7967.jpg,1
2602.jpg,1
3689.jpg,0
9836.jpg,1
8494.jpg,0
9897.jpg,1
4236.jpg,1
11602.jpg,1
5407.jpg,1
7505.jpg,1
10810.jpg,0
25010.jpg,0
5865.jpg,0
9040.jpg,0
2050.jpg,1
15360.jpg,1
28779.jpg,0
7157.jpg,1
14635.jpg,0
15506.jpg,0
13134.jpg,1
7213.jpg,1
8314.jpg,1
4483.jpg,0
2322.jpg,1
23441.jpg,0
15366.jpg,0
23058.jpg,0
5510.jpg,1
25062.jpg,0
17573.jpg,0
15295.jpg,0
9942.jpg,1
10767.jpg,0
23253.jpg,0
4994.jpg,1
22820.jpg,0
23480.jpg,0
24642.jpg,0
4165.jpg,1
10939.jpg,1
12949.jpg,0
24279.jpg,0
6148.jpg,1
15279.jpg,0
5943.jpg,0
16848.jpg,0
17513.jpg,1
3496.jpg,0
2703.jpg,1
6798.jpg,1
4724.jpg,1
2836.jpg,1
4789.jpg,1
23231.jpg,0
14751.jpg,0
9549.jpg,0
10158.jpg,1
7823.jpg,1
14419.jpg,0
16992.jpg,0
12961.jpg,0
399.jpg,0
2963.jpg,1
10059.jpg,0
17466.jpg,0
10757.jpg,1
26514.jpg,0
17131.jpg,1
21012.jpg,1
2283.jpg,0
5655.jpg,1
11738.jpg,1
4982.jpg,1
1243.jpg,0
13029.jpg,0
24973.jpg,0
17093.jpg,0
15204.jpg,0
27263.jpg,0
5698.jpg,1
23426.jpg,0
5803.jpg,0
842.jpg,0
4831.jpg,1
7672.jpg,1
14983.jpg,0
8190.jpg,0
10132.jpg,1
12955.jpg,1
3463.jpg,1
1659.jpg,1
3559.jpg,1
5835.jpg,1
14291.jpg,1
20283.jpg,0
9166.jpg,0
22944.jpg,0
22832.jpg,0
22917.jpg,0
10874.jpg,1
8930.jpg,0
8874.jpg,0
25108.jpg,0
7821.jpg,1
20038.jpg,0
17069.jpg,0
14911.jpg,0
8831.jpg,0
4871.jpg,1
4485.jpg,1
6031.jpg,0
10159.jpg,1
9063.jpg,0
14243.jpg,0
7913.jpg,1
1259.jpg,1
8126.jpg,1
11784.jpg,0
17454.jpg,0
14274.jpg,0
9565.jpg,0
6682.jpg,1
5066.jpg,0
2866.jpg,1
8483.jpg,0
1016.jpg,0
15026.jpg,0
7845.jpg,1
20235.jpg,0
11283.jpg,1
10483.jpg,1
1754.jpg,1
1294.jpg,1
14445.jpg,0
7915.jpg,1
6600.jpg,1
17431.jpg,0
2091.jpg,1
7506.jpg,1
13034.jpg,0
5258.jpg,1
5116.jpg,1
11827.jpg,1
15420.jpg,0
2520.jpg,1
12991.jpg,0
4114.jpg,1
27026.jpg,0
11434.jpg,1
10057.jpg,1
11001.jpg,1
11040.jpg,1
5155.jpg,1
20056.jpg,0
22940.jpg,0
2583.jpg,1
1402.jpg,1
454.jpg,0
12852.jpg,0
20246.jpg,0
11617.jpg,0
6733.jpg,1
1350.jpg,1
24543.jpg,0
2211.jpg,1
10941.jpg,0
28744.jpg,0
12837.jpg,0
381.jpg,0
3465.jpg,1
2775.jpg,1
15246.jpg,0
2222.jpg,0
3360.jpg,1
23115.jpg,0
10642.jpg,1
10839.jpg,1
9193.jpg,1
16972.jpg,0
6958.jpg,1
8358.jpg,0
13235.jpg,0
4175.jpg,1
28761.jpg,0
15251.jpg,0
14337.jpg,0
25109.jpg,0
5456.jpg,1
21126.jpg,0
5019.jpg,1
6338.jpg,1
11432.jpg,1
21189.jpg,0
36.jpg,1
8426.jpg,1
10065.jpg,1
5808.jpg,1
5540.jpg,0
27226.jpg,0
23486.jpg,0
14986.jpg,0
10711.jpg,1
6393.jpg,1
6601.jpg,1
21123.jpg,0
11222.jpg,1
9595.jpg,1
3075.jpg,1
8819.jpg,0
10832.jpg,1
6328.jpg,0
6419.jpg,1
5414.jpg,1
11198.jpg,1
6834.jpg,1
9071.jpg,0
9265.jpg,1
6034.jpg,0
17042.jpg,0
27016.jpg,1
25136.jpg,0
3985.jpg,1
4669.jpg,1
15587.jpg,0
8536.jpg,0
26588.jpg,0
3604.jpg,1
8833.jpg,0
11486.jpg,0
2161.jpg,1
14435.jpg,1
14269.jpg,0
10772.jpg,1
1018.jpg,0
3700.jpg,1
1559.jpg,1
4399.jpg,1
7786.jpg,1
5173.jpg,1
23505.jpg,0
7361.jpg,1
2424.jpg,1
809.jpg,0
17517.jpg,1
23071.jpg,0
9494.jpg,0
1543.jpg,0
8434.jpg,1
14453.jpg,0
2080.jpg,1
23547.jpg,0
777.jpg,0
10148.jpg,1
4179.jpg,1
10878.jpg,1
21206.jpg,0
24449.jpg,0
6042.jpg,0
6252.jpg,1
4315.jpg,1
17568.jpg,0
8418.jpg,1
10493.jpg,1
4989.jpg,1
5388.jpg,1
2420.jpg,1
24618.jpg,0
12927.jpg,1
5420.jpg,1
15304.jpg,0
7164.jpg,1
7234.jpg,1
14849.jpg,0
24264.jpg,0
3257.jpg,1
8585.jpg,0
10079.jpg,1
9358.jpg,1
23055.jpg,0
15523.jpg,0
2552.jpg,1
14935.jpg,0
27042.jpg,0
8788.jpg,0
6856.jpg,1
24560.jpg,1
9758.jpg,1
7702.jpg,1
20471.jpg,0
10.jpg,0
14693.jpg,0
10910.jpg,1
787.jpg,0
6617.jpg,1
1485.jpg,1
8002.jpg,1
1840.jpg,1
12797.jpg,0
9194.jpg,1
1631.jpg,1
27280.jpg,1
17269.jpg,0
8910.jpg,0
19967.jpg,0
28753.jpg,0
3613.jpg,1
5949.jpg,0
8902.jpg,0
3124.jpg,1
4033.jpg,1
15197.jpg,0
3531.jpg,1
8249.jpg,1
10740.jpg,1
9479.jpg,0
2233.jpg,0
5423.jpg,1
14920.jpg,0
14592.jpg,0
9701.jpg,1
969.jpg,1
7867.jpg,1
27172.jpg,0
3830.jpg,1
1504.jpg,1
11196.jpg,1
14605.jpg,0
1646.jpg,1
8802.jpg,1
1082.jpg,0
20342.jpg,0
27031.jpg,0
27169.jpg,0
10107.jpg,1
15389.jpg,0
10990.jpg,1
26403.jpg,0
9292.jpg,1
12688.jpg,0
23262.jpg,0
8517.jpg,0
21121.jpg,0
23050.jpg,0
8846.jpg,0
9681.jpg,1
23372.jpg,0
23365.jpg,0
11313.jpg,1
4697.jpg,1
25028.jpg,0
4355.jpg,1
14956.jpg,1
2856.jpg,1
15039.jpg,0
6488.jpg,0
10867.jpg,1
8352.jpg,1
2960.jpg,1
17070.jpg,0
28758.jpg,1
9465.jpg,1
15249.jpg,0
2729.jpg,1
8023.jpg,1
2559.jpg,1
15289.jpg,0
2251.jpg,0
20417.jpg,0
6811.jpg,0
4486.jpg,1
5149.jpg,1
8581.jpg,1
202.jpg,0
8337.jpg,1
12993.jpg,0
5113.jpg,1
7958.jpg,1
2103.jpg,1
20005.jpg,0
20509.jpg,0
8313.jpg,1
15130.jpg,0
27276.jpg,0
14863.jpg,0
1040.jpg,1
1308.jpg,1
11822.jpg,1
12834.jpg,0
20480.jpg,0
4889.jpg,1
20263.jpg,0
6634.jpg,1
6580.jpg,1
13038.jpg,0
23455.jpg,0
1078.jpg,0
15536.jpg,1
5267.jpg,1
9833.jpg,1
6387.jpg,1
5056.jpg,1
1041.jpg,0
7175.jpg,1
6546.jpg,1
17340.jpg,0
20269.jpg,0
3955.jpg,1
11724.jpg,0
14543.jpg,0
15238.jpg,0
15213.jpg,0
20366.jpg,0
17338.jpg,0
14666.jpg,0
3623.jpg,1
2631.jpg,1
14806.jpg,0
24374.jpg,0
11627.jpg,1
10890.jpg,1
3499.jpg,0
4050.jpg,1
9981.jpg,1
14871.jpg,0
11698.jpg,1
5491.jpg,0
2893.jpg,1
2286.jpg,1
5459.jpg,1
2247.jpg,0
8082.jpg,0
17414.jpg,0
26559.jpg,0
5503.jpg,1
9022.jpg,0
3721.jpg,1
2253.jpg,1
174.jpg,0
14944.jpg,0
15261.jpg,0
10481.jpg,1
14596.jpg,0
6375.jpg,1
10660.jpg,1
27293.jpg,0
5231.jpg,1
11692.jpg,0
13196.jpg,0
494.jpg,0
4574.jpg,1
13144.jpg,0
5647.jpg,1
1671.jpg,1
6324.jpg,1
1300.jpg,1
13067.jpg,0
8715.jpg,1
8123.jpg,0
1597.jpg,1
1620.jpg,1
10229.jpg,1
7962.jpg,1
2516.jpg,1
2680.jpg,1
9287.jpg,1
7829.jpg,1
461.jpg,0
5494.jpg,1
11755.jpg,0
9360.jpg,1
27006.jpg,0
9759.jpg,1
26393.jpg,1
7640.jpg,1
4479.jpg,1
11121.jpg,1
11386.jpg,1
22901.jpg,1
25091.jpg,1
11339.jpg,1
5479.jpg,1
6775.jpg,1
9468.jpg,1
14428.jpg,0
8574.jpg,1
3020.jpg,1
4352.jpg,1
2953.jpg,1
2401.jpg,0
7670.jpg,1
10326.jpg,1
7522.jpg,1
13231.jpg,0
4283.jpg,1
151.jpg,1
15387.jpg,0
24519.jpg,0
14786.jpg,0
9997.jpg,1
4593.jpg,1
5612.jpg,1
3629.jpg,1
24338.jpg,0
7621.jpg,1
23251.jpg,0
6745.jpg,1
23387.jpg,0
6692.jpg,1
852.jpg,0
24520.jpg,0
2370.jpg,1
7914.jpg,1
14900.jpg,0
26429.jpg,1
2271.jpg,1
13127.jpg,0
12690.jpg,0
11803.jpg,0
9031.jpg,0
14142.jpg,1
12976.jpg,0
20257.jpg,0
7448.jpg,1
22968.jpg,0
2772.jpg,1
3734.jpg,1
1854.jpg,0
20505.jpg,1
1225.jpg,0
9517.jpg,0
1298.jpg,1
5931.jpg,1
1388.jpg,1
7024.jpg,0
2988.jpg,1
7946.jpg,1
464.jpg,0
25086.jpg,0
8124.jpg,0
9948.jpg,1
7367.jpg,1
3501.jpg,1
21043.jpg,0
20083.jpg,0
9575.jpg,0
2018.jpg,1
9504.jpg,0
9765.jpg,1
10680.jpg,0
1346.jpg,1
5761.jpg,1
6629.jpg,1
1696.jpg,1
5384.jpg,1
8436.jpg,1
29046.jpg,0
2461.jpg,1
17434.jpg,0
11391.jpg,1
5002.jpg,1
6463.jpg,1
28752.jpg,0
4891.jpg,1
3565.jpg,1
7179.jpg,1
5190.jpg,1
9941.jpg,1
10293.jpg,1
23464.jpg,0
23145.jpg,0
3458.jpg,0
17135.jpg,0
7519.jpg,1
1424.jpg,1
20228.jpg,0
977.jpg,0
14841.jpg,0
14859.jpg,0
7333.jpg,1
2281.jpg,0
10392.jpg,1
8391.jpg,0
2861.jpg,1
24402.jpg,0
1991.jpg,1
28734.jpg,0
17552.jpg,0
4532.jpg,1
290.jpg,0
12.jpg,0
2330.jpg,1
11378.jpg,1
9647.jpg,1
11697.jpg,0
1682.jpg,1
6493.jpg,1
5445.jpg,1
7066.jpg,1
28830.jpg,0
3913.jpg,1
5236.jpg,1
5596.jpg,1
6370.jpg,1
21129.jpg,0
82.jpg,1
23284.jpg,0
81.jpg,1
13181.jpg,1
2905.jpg,0
15293.jpg,0
6188.jpg,1
7780.jpg,1
9872.jpg,1
3039.jpg,1
1741.jpg,1
8055.jpg,1
8265.jpg,1
6757.jpg,1
13204.jpg,0
5467.jpg,1
17362.jpg,0
5450.jpg,1
1937.jpg,1
5920.jpg,0
8366.jpg,1
4394.jpg,1
23212.jpg,0
10348.jpg,1
13140.jpg,0
10206.jpg,1
20410.jpg,0
23467.jpg,0
5743.jpg,1
5092.jpg,1
29036.jpg,0
5179.jpg,1
23148.jpg,0
6407.jpg,1
55.jpg,1
25273.jpg,0
5842.jpg,0
1440.jpg,1
15521.jpg,1
16909.jpg,0
1621.jpg,1
11690.jpg,0
6814.jpg,1
3510.jpg,1
6854.jpg,1
14815.jpg,0
1685.jpg,1
6317.jpg,1
21208.jpg,0
2035.jpg,1
1897.jpg,1
8515.jpg,0
9448.jpg,1
5458.jpg,1
27081.jpg,1
8269.jpg,1
15210.jpg,0
1022.jpg,0
21197.jpg,0
23051.jpg,0
4465.jpg,1
27036.jpg,0
15384.jpg,0
10742.jpg,1
4596.jpg,1
10924.jpg,1
7222.jpg,1
10106.jpg,1
20209.jpg,0
15374.jpg,0
21055.jpg,0
10022.jpg,1
9008.jpg,0
7090.jpg,1
9084.jpg,0
3172.jpg,1
10405.jpg,1
26470.jpg,0
1500.jpg,1
13246.jpg,0
14130.jpg,1
20430.jpg,0
2939.jpg,1
26434.jpg,0
27133.jpg,0
13132.jpg,0
4622.jpg,1
10434.jpg,0
20383.jpg,0
9206.jpg,1
5053.jpg,1
10211.jpg,0
15346.jpg,0
7992.jpg,1
4071.jpg,1
11115.jpg,1
25204.jpg,0
10858.jpg,1
10826.jpg,1
11411.jpg,1
8683.jpg,1
9853.jpg,0
20157.jpg,0
873.jpg,0
27127.jpg,0
10221.jpg,1
3246.jpg,1
27208.jpg,0
22869.jpg,0
14765.jpg,0
6604.jpg,1
5923.jpg,0
1267.jpg,1
24978.jpg,0
3590.jpg,1
22925.jpg,0
14730.jpg,0
24253.jpg,1
3725.jpg,1
10866.jpg,1
6227.jpg,1
10416.jpg,1
9231.jpg,1
20075.jpg,0
7344.jpg,1
4393.jpg,1
10879.jpg,1
2773.jpg,1
9873.jpg,1
6832.jpg,1
384.jpg,0
14977.jpg,0
25024.jpg,0
12865.jpg,1
15229.jpg,0
22907.jpg,0
1119.jpg,0
5067.jpg,1
27094.jpg,0
12816.jpg,0
12731.jpg,0
10641.jpg,1
15148.jpg,0
20481.jpg,0
11768.jpg,0
4060.jpg,1
28910.jpg,0
7195.jpg,1
993.jpg,0
15591.jpg,0
6160.jpg,1
1612.jpg,1
11756.jpg,0
14602.jpg,0
7657.jpg,1
15285.jpg,0
4249.jpg,0
6279.jpg,1
7236.jpg,1
25126.jpg,0
25213.jpg,0
9141.jpg,0
26386.jpg,1
2311.jpg,1
8047.jpg,1
8756.jpg,0
15443.jpg,1
23529.jpg,0
1162.jpg,0
14406.jpg,0
7619.jpg,1
8929.jpg,0
11065.jpg,1
3052.jpg,1
171.jpg,0
9446.jpg,1
14946.jpg,0
10419.jpg,1
7399.jpg,1
24609.jpg,0
24339.jpg,1
13136.jpg,0
26456.jpg,0
27223.jpg,0
2115.jpg,1
10725.jpg,1
6549.jpg,1
746.jpg,0
14734.jpg,0
3875.jpg,1
27180.jpg,0
5354.jpg,1
11603.jpg,0
26351.jpg,1
24316.jpg,0
6209.jpg,1
15392.jpg,0
10876.jpg,1
11197.jpg,1
22882.jpg,0
14990.jpg,1
10408.jpg,1
1619.jpg,1
1467.jpg,1
2117.jpg,1
2698.jpg,1
9760.jpg,1
4725.jpg,1
20184.jpg,0
9949.jpg,1
11275.jpg,1
24379.jpg,0
17277.jpg,0
14972.jpg,0
25288.jpg,0
22908.jpg,0
23411.jpg,0
8621.jpg,1
17379.jpg,0
11503.jpg,0
2885.jpg,1
24404.jpg,0
2992.jpg,1
5162.jpg,1
24660.jpg,1
17203.jpg,0
8406.jpg,1
20112.jpg,0
2975.jpg,1
25127.jpg,0
10193.jpg,1
3180.jpg,1
14443.jpg,0
7598.jpg,1
24662.jpg,1
9664.jpg,1
11364.jpg,1
8794.jpg,1
5312.jpg,1
28862.jpg,0
7268.jpg,1
1663.jpg,1
3109.jpg,1
10934.jpg,1
2058.jpg,1
9546.jpg,1
20303.jpg,0
20054.jpg,0
6033.jpg,0
11211.jpg,1
26582.jpg,0
27062.jpg,0
1680.jpg,1
957.jpg,0
8179.jpg,1
10953.jpg,1
3972.jpg,1
6163.jpg,1
12705.jpg,0
28803.jpg,0
5613.jpg,1
7260.jpg,1
28782.jpg,0
15511.jpg,0
15504.jpg,0
9341.jpg,1
361.jpg,0
28950.jpg,0
6569.jpg,1
5401.jpg,1
3406.jpg,0
27232.jpg,0
17602.jpg,0
3434.jpg,1
10038.jpg,0
5444.jpg,0
24992.jpg,0
9269.jpg,1
2252.jpg,0
10989.jpg,0
17106.jpg,1
14156.jpg,0
60.jpg,1
4857.jpg,1
10320.jpg,1
12977.jpg,0
8591.jpg,1
1044.jpg,0
467.jpg,0
14784.jpg,0
2157.jpg,1
4193.jpg,1
10705.jpg,1
17334.jpg,0
26969.jpg,0
8134.jpg,1
11354.jpg,1
1013.jpg,0
429.jpg,0
2810.jpg,1
25246.jpg,0
7298.jpg,1
5725.jpg,1
5329.jpg,1
9657.jpg,1
25020.jpg,0
11675.jpg,1
1182.jpg,0
3665.jpg,1
13033.jpg,0
12918.jpg,0
10967.jpg,1
6729.jpg,1
28724.jpg,0
4704.jpg,1
4403.jpg,1
2403.jpg,1
13050.jpg,0
20058.jpg,0
1561.jpg,1
9798.jpg,1
4986.jpg,1
10433.jpg,0
17619.jpg,0
8000.jpg,1
15471.jpg,1
5088.jpg,1
10755.jpg,0
2804.jpg,1
12646.jpg,0
14936.jpg,0
13245.jpg,1
20259.jpg,0
17019.jpg,0
7620.jpg,1
4708.jpg,1
1287.jpg,1
17415.jpg,0
7583.jpg,1
10687.jpg,1
867.jpg,1
7615.jpg,1
35.jpg,0
5679.jpg,1
21204.jpg,0
10357.jpg,1
3228.jpg,1
16993.jpg,0
8063.jpg,1
5455.jpg,0
11573.jpg,1
6352.jpg,1
15582.jpg,0
341.jpg,1
28944.jpg,0
3299.jpg,1
4988.jpg,1
28970.jpg,0
5786.jpg,0
25218.jpg,0
15048.jpg,0
829.jpg,0
11324.jpg,1
14393.jpg,0
27154.jpg,1
3719.jpg,1
28914.jpg,0
4374.jpg,1
8572.jpg,0
12723.jpg,0
17388.jpg,0
6860.jpg,1
827.jpg,0
8182.jpg,1
8283.jpg,1
7637.jpg,1
176.jpg,0
27116.jpg,0
8955.jpg,0
12821.jpg,0
15550.jpg,0
6032.jpg,1
8593.jpg,1
7782.jpg,1
14431.jpg,0
1301.jpg,0
3288.jpg,1
23519.jpg,0
25090.jpg,0
2594.jpg,1
6571.jpg,0
14189.jpg,0
8009.jpg,1
12800.jpg,0
6205.jpg,0
23454.jpg,0
8248.jpg,1
5348.jpg,1
7138.jpg,1
3331.jpg,1
3602.jpg,1
3336.jpg,1
8869.jpg,0
8844.jpg,0
3117.jpg,1
3334.jpg,1
27167.jpg,0
13172.jpg,0
2979.jpg,1
1743.jpg,1
7250.jpg,1
9478.jpg,1
10198.jpg,1
7515.jpg,1
28941.jpg,0
13080.jpg,0
8891.jpg,1
1330.jpg,1
12904.jpg,0
15027.jpg,0
834.jpg,0
7600.jpg,1
14855.jpg,1
5738.jpg,1
945.jpg,0
9340.jpg,0
5675.jpg,1
8308.jpg,1
8169.jpg,1
109.jpg,0
5847.jpg,0
3397.jpg,0
462.jpg,0
7934.jpg,1
3088.jpg,1
28926.jpg,1
2831.jpg,1
12835.jpg,0
23119.jpg,0
17442.jpg,0
28797.jpg,0
9641.jpg,1
16914.jpg,0
3194.jpg,1
24664.jpg,0
2462.jpg,1
1328.jpg,1
15187.jpg,0
310.jpg,0
6819.jpg,1
4476.jpg,1
391.jpg,0
17411.jpg,0
12652.jpg,0
20448.jpg,0
61.jpg,0
14324.jpg,0
9276.jpg,1
7709.jpg,1
23430.jpg,0
4103.jpg,1
1919.jpg,1
5896.jpg,0
2224.jpg,0
3300.jpg,1
7524.jpg,1
26957.jpg,0
12790.jpg,0
24578.jpg,1
28953.jpg,0
25067.jpg,0
5938.jpg,1
5840.jpg,1
27297.jpg,0
14517.jpg,0
6333.jpg,1
5851.jpg,0
4525.jpg,1
27015.jpg,0
340.jpg,0
9607.jpg,1
21139.jpg,0
6405.jpg,1
5441.jpg,1
3802.jpg,1
20166.jpg,1
26350.jpg,1
17008.jpg,0
22967.jpg,0
440.jpg,1
24334.jpg,0
794.jpg,0
7894.jpg,1
20434.jpg,0
7908.jpg,1
10048.jpg,1
7543.jpg,1
339.jpg,0
5033.jpg,1
1693.jpg,1
9947.jpg,1
10139.jpg,1
14202.jpg,0
6867.jpg,1
3000.jpg,1
2972.jpg,1
11031.jpg,1
9745.jpg,1
12686.jpg,0
25227.jpg,0
1437.jpg,1
243.jpg,0
4259.jpg,1
4614.jpg,1
17314.jpg,0
6612.jpg,1
1065.jpg,0
8697.jpg,1
47.jpg,1
9077.jpg,0
10777.jpg,1
5534.jpg,1
22973.jpg,0
27137.jpg,0
2762.jpg,1
15382.jpg,0
7855.jpg,1
6019.jpg,0
1969.jpg,1
3489.jpg,1
27257.jpg,0
9955.jpg,1
14207.jpg,0
14134.jpg,0
24595.jpg,1
9267.jpg,1
8620.jpg,1
10821.jpg,0
14773.jpg,0
9869.jpg,1
5436.jpg,1
11235.jpg,1
2086.jpg,1
24443.jpg,1
2033.jpg,1
6690.jpg,1
5439.jpg,1
23377.jpg,0
8329.jpg,1
7951.jpg,1
3583.jpg,1
9699.jpg,1
11002.jpg,1
25118.jpg,0
1876.jpg,1
1599.jpg,1
10846.jpg,1
17610.jpg,0
7489.jpg,1
5471.jpg,1
5998.jpg,0
2868.jpg,1
3850.jpg,1
24312.jpg,0
11468.jpg,1
8140.jpg,1
14340.jpg,0
10046.jpg,1
7271.jpg,1
4371.jpg,1
8292.jpg,1
3899.jpg,1
2339.jpg,1
15408.jpg,0
20306.jpg,0
8254.jpg,0
6561.jpg,1
6915.jpg,1
5099.jpg,1
14233.jpg,0
9989.jpg,1
778.jpg,0
10397.jpg,1
11565.jpg,1
28968.jpg,0
9082.jpg,0
9937.jpg,1
803.jpg,0
3084.jpg,0
6420.jpg,1
14515.jpg,0
8898.jpg,0
9591.jpg,1
14795.jpg,0
8784.jpg,1
5714.jpg,0
1864.jpg,1
3728.jpg,1
10342.jpg,1
14139.jpg,0
10582.jpg,0
25092.jpg,0
23189.jpg,0
1872.jpg,1
7134.jpg,1
11229.jpg,1
6719.jpg,1
276.jpg,1
4484.jpg,1
23096.jpg,0
15388.jpg,0
9670.jpg,1
4734.jpg,1
6359.jpg,1
15041.jpg,0
20297.jpg,0
15191.jpg,1
28889.jpg,0
11301.jpg,1
10827.jpg,1
10173.jpg,1
12953.jpg,0
10558.jpg,0
7321.jpg,1
7843.jpg,0
6880.jpg,1
10625.jpg,1
9845.jpg,1
6232.jpg,1
7384.jpg,1
11635.jpg,0
15335.jpg,0
10281.jpg,1
27041.jpg,0
3121.jpg,1
3199.jpg,1
2097.jpg,1
2154.jpg,1
10386.jpg,1
27212.jpg,0
26585.jpg,0
4689.jpg,1
26408.jpg,1
488.jpg,1
17561.jpg,0
6805.jpg,1
9348.jpg,1
17592.jpg,0
10907.jpg,1
4934.jpg,1
14250.jpg,1
6704.jpg,1
11758.jpg,0
14234.jpg,0
3935.jpg,1
3221.jpg,0
5586.jpg,1
24504.jpg,0
914.jpg,0
9957.jpg,1
1227.jpg,0
6235.jpg,1
5454.jpg,1
121.jpg,1
9139.jpg,0
21005.jpg,0
4782.jpg,1
14627.jpg,0
9255.jpg,1
5044.jpg,1
11727.jpg,0
3120.jpg,1
13203.jpg,0
10559.jpg,0
4927.jpg,1
24501.jpg,0
8532.jpg,0
14446.jpg,0
10940.jpg,1
11679.jpg,0
4806.jpg,1
9690.jpg,1
1806.jpg,1
26947.jpg,0
1398.jpg,1
27162.jpg,0
13126.jpg,0
17270.jpg,0
20176.jpg,0
15102.jpg,0
98.jpg,0
7900.jpg,0
3356.jpg,1
29043.jpg,0
8260.jpg,1
25185.jpg,0
7562.jpg,1
14848.jpg,1
8149.jpg,1
5007.jpg,1
3578.jpg,1
2956.jpg,1
6099.jpg,1
982.jpg,0
12711.jpg,0
27102.jpg,0
7215.jpg,1
7088.jpg,1
6392.jpg,1
5754.jpg,1
11358.jpg,1
17001.jpg,0
6679.jpg,1
4146.jpg,1
1674.jpg,1
3330.jpg,1
86.jpg,1
479.jpg,0
1601.jpg,1
3381.jpg,1
916.jpg,0
1699.jpg,0
21195.jpg,0
24311.jpg,0
4793.jpg,1
14516.jpg,0
1891.jpg,1
1282.jpg,1
11140.jpg,0
893.jpg,0
4427.jpg,1
5362.jpg,1
1595.jpg,0
2860.jpg,1
2630.jpg,0
7246.jpg,1
8991.jpg,1
8535.jpg,0
6342.jpg,1
3894.jpg,1
7772.jpg,1
24571.jpg,1
3505.jpg,1
1988.jpg,1
10749.jpg,1
26416.jpg,0
5252.jpg,1
26444.jpg,0
17606.jpg,0
2488.jpg,1
10069.jpg,1
3281.jpg,1
8644.jpg,1
1923.jpg,1
1534.jpg,1
3783.jpg,1
6097.jpg,1
1982.jpg,1
26347.jpg,0
26522.jpg,1
20052.jpg,1
1114.jpg,0
3605.jpg,1
20409.jpg,0
6052.jpg,1
1337.jpg,1
9978.jpg,1
2555.jpg,1
28964.jpg,1
481.jpg,0
23042.jpg,0
3268.jpg,1
20318.jpg,0
11513.jpg,0
17406.jpg,0
17303.jpg,0
13147.jpg,0
12668.jpg,0
3466.jpg,0
14414.jpg,0
5601.jpg,0
29042.jpg,0
4335.jpg,1
19954.jpg,0
6550.jpg,1
8035.jpg,1
9051.jpg,0
2460.jpg,1
12666.jpg,0
4230.jpg,1
14887.jpg,0
11145.jpg,1
7673.jpg,1
452.jpg,0
2321.jpg,1
451.jpg,0
13183.jpg,0
12947.jpg,0
28722.jpg,0
6893.jpg,1
6724.jpg,1
4737.jpg,1
28786.jpg,0
213.jpg,0
21109.jpg,0
1653.jpg,1
5927.jpg,0
1199.jpg,0
10932.jpg,1
2529.jpg,1
17383.jpg,0
465.jpg,0
8086.jpg,1
8689.jpg,1
17049.jpg,0
3389.jpg,1
3992.jpg,1
9828.jpg,1
6672.jpg,1
818.jpg,1
6008.jpg,0
17506.jpg,0
1470.jpg,1
6444.jpg,1
9154.jpg,0
1055.jpg,1
9673.jpg,1
20071.jpg,0
6971.jpg,1
7069.jpg,0
7078.jpg,1
49.jpg,1
17175.jpg,0
11167.jpg,1
9011.jpg,0
1878.jpg,1
6158.jpg,1
14982.jpg,0
7253.jpg,1
2405.jpg,1
15338.jpg,0
5335.jpg,1
15271.jpg,0
24996.jpg,0
1824.jpg,1
6929.jpg,1
14949.jpg,0
10633.jpg,0
12974.jpg,0
20298.jpg,0
9407.jpg,1
3687.jpg,1
22883.jpg,0
6881.jpg,1
23022.jpg,0
4865.jpg,1
25015.jpg,0
33.jpg,0
14127.jpg,1
22995.jpg,0
23105.jpg,1
8458.jpg,0
5572.jpg,1
3142.jpg,1
10911.jpg,1
9346.jpg,1
25154.jpg,0
17261.jpg,0
1751.jpg,1
6850.jpg,1
2574.jpg,1
5619.jpg,1
2220.jpg,1
21009.jpg,0
11631.jpg,0
8713.jpg,1
8341.jpg,1
1211.jpg,0
3908.jpg,1
15539.jpg,0
17528.jpg,0
5413.jpg,0
28855.jpg,0
7318.jpg,1
16921.jpg,0
3396.jpg,1
7261.jpg,1
10011.jpg,1
12964.jpg,0
862.jpg,0
8818.jpg,0
5521.jpg,1
23425.jpg,0
3322.jpg,1
7.jpg,0
22856.jpg,0
3947.jpg,1
27206.jpg,0
20247.jpg,0
27117.jpg,0
27012.jpg,1
8389.jpg,1
26569.jpg,0
17507.jpg,0
23017.jpg,1
4692.jpg,1
14300.jpg,0
10269.jpg,1
6770.jpg,1
1064.jpg,0
7678.jpg,1
14603.jpg,1
14261.jpg,0
24257.jpg,0
3829.jpg,1
2614.jpg,1
27277.jpg,0
3437.jpg,0
19969.jpg,0
4716.jpg,1
27021.jpg,0
6026.jpg,0
1400.jpg,1
15307.jpg,0
10648.jpg,0
1694.jpg,1
17341.jpg,0
28977.jpg,1
23371.jpg,0
3435.jpg,1
7191.jpg,1
8812.jpg,0
7980.jpg,1
4141.jpg,1
28942.jpg,0
11702.jpg,0
9859.jpg,1
3592.jpg,1
4423.jpg,1
13121.jpg,0
2859.jpg,1
9335.jpg,1
28952.jpg,1
4321.jpg,1
6149.jpg,1
20286.jpg,0
11272.jpg,1
11379.jpg,1
14915.jpg,0
9420.jpg,1
3925.jpg,1
21101.jpg,0
20191.jpg,0
28928.jpg,0
15136.jpg,0
4879.jpg,1
14538.jpg,0
27095.jpg,0
433.jpg,0
5474.jpg,1
3235.jpg,1
10423.jpg,1
14225.jpg,0
5753.jpg,1
17160.jpg,0
17496.jpg,0
4764.jpg,1
21017.jpg,0
439.jpg,0
20320.jpg,1
8219.jpg,1
395.jpg,0
2434.jpg,1
26431.jpg,0
8255.jpg,1
10873.jpg,1
9537.jpg,0
2158.jpg,1
18.jpg,0
5425.jpg,1
5641.jpg,1
16965.jpg,0
17015.jpg,0
17146.jpg,0
4902.jpg,1
6499.jpg,1
24408.jpg,0
12939.jpg,0
22804.jpg,1
11304.jpg,1
3301.jpg,1
7283.jpg,1
9416.jpg,1
2728.jpg,1
11732.jpg,0
8096.jpg,1
2152.jpg,1
4753.jpg,1
5711.jpg,1
22891.jpg,0
4943.jpg,1
3826.jpg,1
10388.jpg,1
22874.jpg,0
1546.jpg,1
7482.jpg,1
27153.jpg,0
105.jpg,0
24438.jpg,0
7952.jpg,1
3586.jpg,1
2119.jpg,1
26536.jpg,0
15515.jpg,0
24273.jpg,0
1087.jpg,0
9692.jpg,1
2184.jpg,1
28727.jpg,0
3794.jpg,1
21145.jpg,0
4299.jpg,1
8569.jpg,0
10436.jpg,1
9887.jpg,1
21181.jpg,0
6453.jpg,1
7162.jpg,1
8298.jpg,1
7560.jpg,1
3836.jpg,1
21035.jpg,0
1715.jpg,1
4344.jpg,0
15435.jpg,0
7604.jpg,1
20035.jpg,0
8544.jpg,0
11741.jpg,0
21080.jpg,0
7593.jpg,1
12673.jpg,0
9351.jpg,1
23185.jpg,0
7930.jpg,1
20145.jpg,0
162.jpg,0
13076.jpg,0
13113.jpg,0
12748.jpg,0
11254.jpg,1
6094.jpg,1
4280.jpg,1
17057.jpg,0
11125.jpg,1
6613.jpg,1
5911.jpg,0
16953.jpg,0
7206.jpg,1
9881.jpg,1
3033.jpg,1
4005.jpg,1
20158.jpg,0
17180.jpg,0
6259.jpg,1
17027.jpg,0
9088.jpg,0
3063.jpg,1
5291.jpg,1
17247.jpg,0
5625.jpg,1
8571.jpg,0
21199.jpg,0
4731.jpg,1
3100.jpg,1
9056.jpg,0
16997.jpg,0
23006.jpg,0
4875.jpg,1
216.jpg,0
20313.jpg,0
20031.jpg,0
7114.jpg,1
24252.jpg,1
11714.jpg,0
23477.jpg,0
10461.jpg,1
1662.jpg,1
4870.jpg,1
8191.jpg,1
2111.jpg,1
1990.jpg,1
5422.jpg,1
4032.jpg,1
50.jpg,1
7777.jpg,1
25287.jpg,0
23417.jpg,0
25133.jpg,1
27010.jpg,0
27075.jpg,0
1494.jpg,1
3714.jpg,1
9713.jpg,1
4444.jpg,1
15359.jpg,0
11338.jpg,1
5319.jpg,1
5924.jpg,0
9492.jpg,0
14722.jpg,0
6689.jpg,0
3311.jpg,1
25096.jpg,0
29008.jpg,0
10368.jpg,1
7801.jpg,1
20061.jpg,0
20452.jpg,0
1747.jpg,1
2039.jpg,1
7355.jpg,1
138.jpg,0
15368.jpg,0
1223.jpg,0
15456.jpg,0
5539.jpg,0
2426.jpg,1
17107.jpg,1
12870.jpg,0
8706.jpg,1
27235.jpg,1
10592.jpg,0
10779.jpg,1
10020.jpg,1
17305.jpg,0
6737.jpg,1
2194.jpg,1
7259.jpg,0
8477.jpg,0
23159.jpg,0
6406.jpg,1
3218.jpg,1
9946.jpg,1
12806.jpg,0
5531.jpg,1
10090.jpg,1
2578.jpg,1
1378.jpg,1
23147.jpg,0
3078.jpg,0
6469.jpg,1
22850.jpg,0
16929.jpg,0
2355.jpg,1
9368.jpg,1
20488.jpg,0
14181.jpg,0
11351.jpg,1
14251.jpg,1
17145.jpg,0
5941.jpg,0
455.jpg,0
20296.jpg,0
2785.jpg,1
12903.jpg,0
9286.jpg,1
23238.jpg,0
4796.jpg,1
14598.jpg,0
7770.jpg,1
1031.jpg,0
26460.jpg,0
17184.jpg,0
5798.jpg,0
2991.jpg,1
25122.jpg,0
29016.jpg,1
14840.jpg,0
1203.jpg,0
21108.jpg,0
14485.jpg,0
3743.jpg,0
10147.jpg,1
5406.jpg,1
20441.jpg,0
5089.jpg,1
6555.jpg,1
13032.jpg,0
7410.jpg,1
14342.jpg,0
5516.jpg,1
12716.jpg,1
790.jpg,0
1502.jpg,1
9006.jpg,0
11276.jpg,1
24419.jpg,0
23542.jpg,0
14267.jpg,0
22837.jpg,0
16934.jpg,0
5214.jpg,1
1088.jpg,0
27217.jpg,0
5991.jpg,1
8765.jpg,1
11648.jpg,1
20224.jpg,0
8755.jpg,1
2049.jpg,1
11143.jpg,1
24555.jpg,0
14743.jpg,0
10859.jpg,1
6423.jpg,1
13182.jpg,0
12868.jpg,0
8195.jpg,1
11519.jpg,0
4291.jpg,1
4760.jpg,1
3767.jpg,1
336.jpg,0
780.jpg,0
27000.jpg,0
12992.jpg,0
2998.jpg,1
2579.jpg,1
16947.jpg,0
46.jpg,0
11200.jpg,1
3854.jpg,0
23083.jpg,1
20483.jpg,0
21182.jpg,0
10863.jpg,1
16881.jpg,0
13240.jpg,0
10055.jpg,1
9791.jpg,1
4706.jpg,1
2503.jpg,1
25034.jpg,0
28756.jpg,1
22999.jpg,0
8796.jpg,1
5902.jpg,0
3046.jpg,1
11762.jpg,1
11372.jpg,1
2672.jpg,1
14872.jpg,0
5308.jpg,1
7289.jpg,1
12691.jpg,0
14745.jpg,0
4721.jpg,1
1765.jpg,1
2973.jpg,1
11621.jpg,0
15114.jpg,1
8714.jpg,1
8959.jpg,1
3864.jpg,1
17471.jpg,0
10716.jpg,1
23432.jpg,0
7763.jpg,1
17579.jpg,0
1933.jpg,1
16871.jpg,0
5023.jpg,1
26560.jpg,0
7523.jpg,1
2834.jpg,1
6822.jpg,1
15493.jpg,0
25259.jpg,0
10179.jpg,0
14597.jpg,0
2169.jpg,1
1829.jpg,1
9349.jpg,1
1892.jpg,1
27272.jpg,0
394.jpg,0
14907.jpg,0
7922.jpg,1
9810.jpg,1
6815.jpg,1
8092.jpg,1
12851.jpg,0
2027.jpg,1
10735.jpg,1
3354.jpg,1
8979.jpg,1
380.jpg,0
3521.jpg,1
9796.jpg,1
20520.jpg,0
6128.jpg,1
14495.jpg,0
14548.jpg,0
3663.jpg,1
2000.jpg,1
20137.jpg,0
17371.jpg,0
5324.jpg,1
21131.jpg,0
8130.jpg,1
4814.jpg,1
1796.jpg,1
8317.jpg,0
5973.jpg,1
24267.jpg,1
13053.jpg,0
10110.jpg,1
2125.jpg,1
12844.jpg,0
9984.jpg,1
837.jpg,0
16846.jpg,0
14472.jpg,0
10864.jpg,1
2519.jpg,1
4873.jpg,1
8491.jpg,0
5138.jpg,1
10076.jpg,1
3178.jpg,1
6455.jpg,1
13242.jpg,0
21010.jpg,0
1816.jpg,1
2917.jpg,1
14448.jpg,0
23220.jpg,0
3296.jpg,1
4130.jpg,1
27002.jpg,0
17249.jpg,0
24290.jpg,0
14535.jpg,0
13244.jpg,0
20141.jpg,0
25104.jpg,0
11278.jpg,1
3789.jpg,1
8816.jpg,1
11363.jpg,1
5532.jpg,1
1059.jpg,0
27170.jpg,0
10196.jpg,0
2709.jpg,1
23537.jpg,0
4253.jpg,1
434.jpg,0
17350.jpg,0
2454.jpg,0
2255.jpg,0
17504.jpg,0
23141.jpg,0
10571.jpg,0
11132.jpg,1
2560.jpg,1
1194.jpg,0
8850.jpg,0
4438.jpg,1
5269.jpg,1
15527.jpg,0
896.jpg,0
9624.jpg,1
7169.jpg,1
1260.jpg,0
10013.jpg,1
7905.jpg,1
17088.jpg,0
5289.jpg,1
14924.jpg,0
3557.jpg,1
8868.jpg,0
2248.jpg,0
14965.jpg,0
24628.jpg,0
9122.jpg,0
11792.jpg,0
10790.jpg,0
10898.jpg,1
10568.jpg,0
10310.jpg,1
10691.jpg,0
14227.jpg,0
11645.jpg,1
5104.jpg,1
24538.jpg,0
5870.jpg,0
28871.jpg,1
11793.jpg,0
9089.jpg,0
15483.jpg,1
8847.jpg,0
23492.jpg,0
1471.jpg,0
2149.jpg,1
9210.jpg,1
24285.jpg,0
5472.jpg,1
11668.jpg,0
14289.jpg,0
26478.jpg,0
23474.jpg,0
2792.jpg,1
26502.jpg,0
6970.jpg,1
7814.jpg,1
3540.jpg,1
14685.jpg,0
7614.jpg,1
25286.jpg,0
20506.jpg,0
8178.jpg,1
11479.jpg,0
14749.jpg,0
24584.jpg,0
10750.jpg,1
2971.jpg,1
8789.jpg,1
7841.jpg,1
19987.jpg,0
16925.jpg,0
6471.jpg,1
17168.jpg,0
2207.jpg,1
11709.jpg,0
20065.jpg,0
3582.jpg,1
16930.jpg,0
20432.jpg,0
27192.jpg,0
21209.jpg,0
3833.jpg,1
10510.jpg,1
20241.jpg,0
1121.jpg,0
27233.jpg,0
3708.jpg,1
15008.jpg,0
1.jpg,0
4275.jpg,1
17458.jpg,0
8172.jpg,1
24283.jpg,0
14132.jpg,0
17614.jpg,0
17605.jpg,0
3042.jpg,1
15242.jpg,0
5247.jpg,1
3959.jpg,1
16863.jpg,0
17372.jpg,0
2010.jpg,1
10088.jpg,0
9177.jpg,1
20169.jpg,0
6384.jpg,1
4520.jpg,0
8753.jpg,1
8267.jpg,1
8449.jpg,0
23173.jpg,0
4937.jpg,1
3168.jpg,1
8705.jpg,1
5705.jpg,1
14800.jpg,0
9665.jpg,1
750.jpg,0
27299.jpg,0
11316.jpg,1
95.jpg,0
3545.jpg,1
15193.jpg,0
4684.jpg,1
3710.jpg,1
3137.jpg,1
26452.jpg,0
8439.jpg,1
4323.jpg,1
8447.jpg,1
442.jpg,0
9953.jpg,1
8801.jpg,1
888.jpg,1
7968.jpg,1
7681.jpg,1
9716.jpg,1
24429.jpg,0
25186.jpg,0
13010.jpg,0
17206.jpg,0
24654.jpg,0
15481.jpg,0
11660.jpg,1
7105.jpg,1
17413.jpg,0
3003.jpg,1
9086.jpg,0
17357.jpg,1
8144.jpg,1
3657.jpg,1
29603.jpg,0
8375.jpg,0
6533.jpg,1
2356.jpg,1
5229.jpg,1
27234.jpg,0
11067.jpg,0
23378.jpg,0
9609.jpg,1
2395.jpg,1
4333.jpg,1
9660.jpg,1
25253.jpg,0
4781.jpg,1
3777.jpg,1
28867.jpg,1
24515.jpg,0
4407.jpg,1
16883.jpg,1
9029.jpg,0
3452.jpg,1
2326.jpg,1
6195.jpg,1
20299.jpg,1
4369.jpg,1
11160.jpg,1
16882.jpg,0
3444.jpg,1
11319.jpg,1
26474.jpg,0
10197.jpg,1
11108.jpg,1
1607.jpg,1
11551.jpg,0
15085.jpg,0
27018.jpg,1
24522.jpg,0
11346.jpg,1
14873.jpg,0
27158.jpg,0
6329.jpg,1
5821.jpg,0
10291.jpg,1
5769.jpg,1
976.jpg,0
17618.jpg,0
6935.jpg,1
334.jpg,0
4948.jpg,1
28848.jpg,0
51.jpg,0
12897.jpg,0
8514.jpg,0
9782.jpg,1
4929.jpg,1
15429.jpg,1
16890.jpg,0
28820.jpg,0
5101.jpg,1
8820.jpg,0
24634.jpg,1
7862.jpg,1
8441.jpg,1
7313.jpg,1
3996.jpg,1
10191.jpg,1
3216.jpg,1
27211.jpg,0
23248.jpg,1
10678.jpg,0
12911.jpg,0
9162.jpg,0
1196.jpg,0
2048.jpg,1
12655.jpg,0
1377.jpg,1
3819.jpg,1
23134.jpg,0
11057.jpg,1
4131.jpg,1
15416.jpg,0
10530.jpg,0
130.jpg,1
5487.jpg,1
21002.jpg,0
24274.jpg,0
6869.jpg,1
9915.jpg,1
1531.jpg,1
19942.jpg,0
23506.jpg,0
7469.jpg,0
8685.jpg,1
1362.jpg,1
26441.jpg,0
3988.jpg,1
24269.jpg,0
4195.jpg,1
1505.jpg,1
14469.jpg,0
15062.jpg,0
4110.jpg,1
28804.jpg,0
13200.jpg,0
3834.jpg,1
3910.jpg,1
15236.jpg,0
14679.jpg,0
17182.jpg,0
27238.jpg,0
10212.jpg,1
5814.jpg,0
13090.jpg,0
15254.jpg,0
7292.jpg,1
6490.jpg,1
10573.jpg,0
7094.jpg,1
17081.jpg,0
1605.jpg,1
25251.jpg,0
3752.jpg,1
4746.jpg,1
8484.jpg,0
12739.jpg,0
9500.jpg,0
1616.jpg,1
3163.jpg,1
2098.jpg,1
3355.jpg,1
4494.jpg,1
20275.jpg,0
1899.jpg,1
2659.jpg,1
981.jpg,0
7722.jpg,1
10166.jpg,1
10929.jpg,1
14912.jpg,0
23397.jpg,0
10009.jpg,1
7818.jpg,1
20097.jpg,0
1014.jpg,1
14846.jpg,0
14432.jpg,1
15431.jpg,1
14226.jpg,0
22988.jpg,0
869.jpg,0
5331.jpg,1
11109.jpg,1
20316.jpg,0
5747.jpg,0
1799.jpg,1
760.jpg,1
11375.jpg,1
7617.jpg,1
9198.jpg,1
10150.jpg,1
4396.jpg,1
4069.jpg,1
23125.jpg,0
270.jpg,0
8526.jpg,0
7480.jpg,1
988.jpg,0
21188.jpg,0
10601.jpg,0
8885.jpg,1
4041.jpg,1
1359.jpg,1
20345.jpg,0
3108.jpg,1
5739.jpg,1
8687.jpg,1
12677.jpg,0
5975.jpg,0
3695.jpg,1
11608.jpg,0
1134.jpg,0
24946.jpg,0
8782.jpg,1
28974.jpg,0
27121.jpg,0
2828.jpg,1
4877.jpg,1
27097.jpg,0
9764.jpg,1
79.jpg,0
10465.jpg,1
4171.jpg,1
5279.jpg,1
16897.jpg,0
3320.jpg,1
8251.jpg,1
3970.jpg,1
11431.jpg,1
16936.jpg,0
5788.jpg,0
7936.jpg,1
6225.jpg,1
24300.jpg,0
11677.jpg,0
6219.jpg,1
17420.jpg,0
4370.jpg,1
1192.jpg,0
6843.jpg,1
2888.jpg,1
10780.jpg,1
10278.jpg,1
26459.jpg,0
2890.jpg,1
191.jpg,1
10632.jpg,0
26568.jpg,0
3973.jpg,1
15518.jpg,0
1859.jpg,1
2129.jpg,1
6255.jpg,1
28943.jpg,0
14286.jpg,0
17599.jpg,0
309.jpg,0
13040.jpg,1
1335.jpg,1
11246.jpg,1
9052.jpg,0
9574.jpg,0
